-- phpMyAdmin SQL Dump
-- version 5.2.1
-- https://www.phpmyadmin.net/
--
-- Host: 127.0.0.1
-- Generation Time: Jul 02, 2025 at 03:20 AM
-- Server version: 10.4.32-MariaDB
-- PHP Version: 8.0.30

SET SQL_MODE = "NO_AUTO_VALUE_ON_ZERO";
START TRANSACTION;
SET time_zone = "+00:00";


/*!40101 SET @OLD_CHARACTER_SET_CLIENT=@@CHARACTER_SET_CLIENT */;
/*!40101 SET @OLD_CHARACTER_SET_RESULTS=@@CHARACTER_SET_RESULTS */;
/*!40101 SET @OLD_COLLATION_CONNECTION=@@COLLATION_CONNECTION */;
/*!40101 SET NAMES utf8mb4 */;

--
-- Database: `pm`
--

-- --------------------------------------------------------

--
-- Table structure for table `log`
--

CREATE TABLE `log` (
  `ID` bigint(20) NOT NULL,
  `UserID` varchar(32) NOT NULL,
  `LoginDate` date DEFAULT NULL,
  `LoginTime` time DEFAULT NULL,
  `State` tinyint(1) DEFAULT NULL,
  `Ip` varchar(32) DEFAULT NULL,
  `Mac` varchar(32) DEFAULT NULL
) ENGINE=InnoDB DEFAULT CHARSET=utf8 COLLATE=utf8_general_ci COMMENT='InnoDB free: 3072 kB; InnoDB free: 3072 kB; InnoDB free: 112';

--
-- Dumping data for table `log`
--

INSERT INTO `log` (`ID`, `UserID`, `LoginDate`, `LoginTime`, `State`, `Ip`, `Mac`) VALUES
(81754, '', '2025-06-10', '09:23:01', 0, '192.168.1.94', ' Found.\r\n'),
(81755, '', '2025-06-12', '16:15:38', 0, '192.168.1.94', ' Found.\r\n'),
(81756, '', '2025-06-13', '08:30:51', 0, '192.168.1.94', ' Found.\r\n'),
(81757, '', '2025-06-13', '08:31:22', 0, '192.168.1.94', ' Found.\r\n'),
(81758, '', '2025-06-13', '08:31:51', 0, '192.168.1.134', '        ca-c6-d9-e9-b6-b3     '),
(81759, '', '2025-06-13', '08:37:27', 0, '192.168.1.134', '        ca-c6-d9-e9-b6-b3     '),
(81760, '', '2025-06-13', '08:44:37', 0, '192.168.1.134', '        ca-c6-d9-e9-b6-b3     '),
(81761, '', '2025-06-13', '08:55:32', 0, '192.168.1.134', '        ca-c6-d9-e9-b6-b3     '),
(81762, '', '2025-06-13', '08:57:13', 0, '192.168.1.134', '        ca-c6-d9-e9-b6-b3     '),
(81763, '', '2025-06-13', '09:06:10', 0, '192.168.1.134', '        ca-c6-d9-e9-b6-b3     '),
(81764, '', '2025-06-13', '09:09:16', 0, '192.168.1.128', '        76-fd-48-85-bc-bb     '),
(81765, '', '2025-06-13', '09:16:15', 0, '192.168.1.128', '        76-fd-48-85-bc-bb     '),
(81766, '', '2025-06-13', '10:11:32', 0, '192.168.1.128', '        76-fd-48-85-bc-bb     '),
(81767, '', '2025-06-13', '10:11:42', 0, '192.168.1.253', '        04-95-e6-12-8d-e9     '),
(81768, '', '2025-06-13', '10:12:37', 0, '192.168.1.128', '        76-fd-48-85-bc-bb     '),
(81769, '', '2025-06-13', '10:52:00', 0, '192.168.1.135', '        e6-a5-8a-e3-ea-5c     '),
(81770, '', '2025-06-13', '10:56:39', 0, '192.168.1.118', '        36-7e-fe-0f-81-db     '),
(81771, '', '2025-06-13', '11:02:08', 0, '192.168.1.118', '        36-7e-fe-0f-81-db     '),
(81772, '', '2025-06-13', '11:24:47', 0, '192.168.1.118', '        36-7e-fe-0f-81-db     '),
(81773, '', '2025-06-13', '13:41:05', 0, '192.168.1.94', ' Found.\r\n'),
(81774, '', '2025-06-13', '13:41:43', 0, '192.168.1.94', ' Found.\r\n'),
(81775, '', '2025-06-13', '14:01:12', 0, '192.168.1.94', ' Found.\r\n'),
(81776, '', '2025-06-13', '14:02:36', 0, '192.168.1.94', ' Found.\r\n'),
(81777, '', '2025-06-13', '14:02:57', 0, '192.168.1.94', ' Found.\r\n'),
(81778, '', '2025-06-13', '14:05:06', 0, '192.168.1.128', '        76-fd-48-85-bc-bb     '),
(81779, '', '2025-06-13', '14:09:22', 0, '192.168.1.94', ' Found.\r\n'),
(81780, '', '2025-06-13', '14:12:49', 0, '192.168.1.94', ' Found.\r\n'),
(81781, '', '2025-06-13', '14:16:12', 0, '192.168.1.94', ' Found.\r\n'),
(81782, '', '2025-06-13', '14:18:06', 0, '192.168.1.94', ' Found.\r\n'),
(81783, '', '2025-06-13', '14:19:59', 0, '192.168.1.94', ' Found.\r\n'),
(81784, '', '2025-06-13', '14:21:37', 0, '192.168.1.94', ' Found.\r\n'),
(81785, '', '2025-06-13', '14:23:37', 0, '192.168.1.94', ' Found.\r\n'),
(81786, '', '2025-06-13', '14:25:04', 0, '192.168.1.94', ' Found.\r\n'),
(81787, '', '2025-06-13', '14:25:44', 0, '192.168.1.94', ' Found.\r\n'),
(81788, '', '2025-06-13', '14:27:45', 0, '192.168.1.94', ' Found.\r\n'),
(81789, '', '2025-06-13', '14:30:46', 0, '192.168.1.94', ' Found.\r\n'),
(81790, '', '2025-06-13', '14:31:13', 0, '192.168.1.134', '        ca-c6-d9-e9-b6-b3     '),
(81791, '', '2025-06-13', '14:32:26', 0, '192.168.1.94', ' Found.\r\n'),
(81792, '', '2025-06-13', '14:35:41', 0, '192.168.1.94', ' Found.\r\n'),
(81793, '', '2025-06-13', '14:36:58', 0, '192.168.1.94', ' Found.\r\n'),
(81794, '', '2025-06-13', '14:38:14', 0, '192.168.1.94', ' Found.\r\n'),
(81795, '', '2025-06-13', '14:38:32', 0, '192.168.1.94', ' Found.\r\n'),
(81796, '', '2025-06-13', '14:39:31', 0, '192.168.1.94', ' Found.\r\n'),
(81797, '', '2025-06-13', '14:44:53', 0, '192.168.1.134', '        ca-c6-d9-e9-b6-b3     '),
(81798, '', '2025-06-13', '14:45:15', 0, '192.168.1.134', '        ca-c6-d9-e9-b6-b3     '),
(81799, '', '2025-06-13', '14:46:27', 0, '192.168.1.94', ' Found.\r\n'),
(81800, '', '2025-06-13', '14:47:08', 0, '192.168.1.94', ' Found.\r\n'),
(81801, '', '2025-06-13', '14:47:42', 0, '192.168.1.94', ' Found.\r\n'),
(81802, '', '2025-06-13', '14:50:13', 0, '192.168.1.94', ' Found.\r\n'),
(81803, '', '2025-06-13', '14:50:39', 0, '192.168.1.94', ' Found.\r\n'),
(81804, '', '2025-06-13', '14:52:32', 0, '192.168.1.94', ' Found.\r\n'),
(81805, '', '2025-06-13', '14:53:47', 0, '192.168.1.94', ' Found.\r\n'),
(81806, '', '2025-06-13', '14:54:15', 0, '192.168.1.94', ' Found.\r\n'),
(81807, '', '2025-06-13', '14:55:16', 0, '192.168.1.94', ' Found.\r\n'),
(81808, '', '2025-06-13', '14:56:01', 0, '192.168.1.94', ' Found.\r\n'),
(81809, '', '2025-06-13', '14:56:08', 0, '192.168.1.94', ' Found.\r\n'),
(81810, '', '2025-06-13', '14:56:20', 0, '192.168.1.94', ' Found.\r\n'),
(81811, '', '2025-06-13', '14:57:19', 0, '192.168.1.94', ' Found.\r\n'),
(81812, '', '2025-06-13', '14:59:49', 0, '192.168.1.94', ' Found.\r\n'),
(81813, '', '2025-06-13', '15:00:29', 0, '192.168.1.94', ' Found.\r\n'),
(81814, '', '2025-06-13', '15:02:17', 0, '192.168.1.94', ' Found.\r\n'),
(81815, '', '2025-06-13', '15:12:50', 0, '192.168.1.134', '        ca-c6-d9-e9-b6-b3     '),
(81816, '', '2025-06-13', '15:47:08', 0, '192.168.1.134', '        ca-c6-d9-e9-b6-b3     '),
(81817, '', '2025-06-13', '15:51:31', 0, '192.168.1.94', ' Found.\r\n'),
(81818, '', '2025-06-13', '16:02:05', 0, '192.168.1.134', '        ca-c6-d9-e9-b6-b3     '),
(81819, '', '2025-06-13', '16:02:22', 0, '192.168.1.134', '        ca-c6-d9-e9-b6-b3     '),
(81820, '', '2025-06-13', '16:05:46', 0, '192.168.1.94', ' Found.\r\n'),
(81821, '', '2025-06-13', '16:08:26', 0, '192.168.1.94', ' Found.\r\n'),
(81822, '', '2025-06-13', '16:12:53', 0, '192.168.1.94', ' Found.\r\n'),
(81823, '', '2025-06-13', '16:22:27', 0, '192.168.1.94', ' Found.\r\n'),
(81824, '', '2025-06-13', '16:24:10', 0, '192.168.1.94', ' Found.\r\n'),
(81825, '', '2025-06-13', '16:25:20', 0, '192.168.1.94', ' Found.\r\n'),
(81826, '', '2025-06-13', '16:27:04', 0, '192.168.1.94', ' Found.\r\n'),
(81827, '', '2025-06-13', '16:37:24', 0, '192.168.1.94', ' Found.\r\n'),
(81828, '', '2025-06-13', '16:38:25', 0, '192.168.1.94', ' Found.\r\n'),
(81829, '', '2025-06-13', '16:41:31', 0, '192.168.1.94', ' Found.\r\n'),
(81830, '', '2025-06-13', '16:44:04', 0, '192.168.1.94', ' Found.\r\n'),
(81831, '', '2025-06-13', '16:46:02', 0, '192.168.1.94', ' Found.\r\n'),
(81832, '', '2025-06-13', '16:49:13', 0, '192.168.1.122', '        04-95-e6-12-8d-e9     '),
(81833, '', '2025-06-13', '16:54:26', 0, '192.168.1.94', ' Found.\r\n'),
(81834, '', '2025-06-13', '16:57:10', 0, '192.168.1.94', ' Found.\r\n'),
(81835, '', '2025-06-13', '16:58:00', 0, '192.168.1.94', ' Found.\r\n'),
(81836, '', '2025-06-14', '09:33:57', 0, '192.168.1.107', '        76-fd-48-85-bc-bb     '),
(81837, '', '2025-06-14', '09:49:13', 0, '192.168.1.107', '        76-fd-48-85-bc-bb     '),
(81838, '', '2025-06-14', '09:50:25', 0, '192.168.1.107', '        76-fd-48-85-bc-bb     '),
(81839, '', '2025-06-14', '09:53:21', 0, '192.168.1.94', ' Found.\r\n'),
(81840, '', '2025-06-14', '09:54:16', 0, '192.168.1.94', ' Found.\r\n'),
(81841, '', '2025-06-14', '10:00:49', 0, '192.168.1.107', '        76-fd-48-85-bc-bb     '),
(81842, '', '2025-06-14', '10:01:17', 0, '192.168.1.94', ' Found.\r\n'),
(81843, '', '2025-06-14', '10:03:07', 0, '192.168.1.94', ' Found.\r\n'),
(81844, '', '2025-06-14', '10:17:40', 0, '192.168.1.107', '        76-fd-48-85-bc-bb     '),
(81845, '', '2025-06-14', '10:40:10', 0, '192.168.1.94', ' Found.\r\n'),
(81846, '', '2025-06-14', '10:41:15', 0, '192.168.1.107', '        76-fd-48-85-bc-bb     '),
(81847, '', '2025-06-14', '10:49:45', 0, '192.168.1.107', '        76-fd-48-85-bc-bb     '),
(81848, '', '2025-06-14', '11:03:55', 0, '192.168.1.107', '        76-fd-48-85-bc-bb     '),
(81849, '', '2025-06-14', '11:04:19', 0, '192.168.1.107', '        76-fd-48-85-bc-bb     '),
(81850, '', '2025-06-14', '11:33:12', 0, '192.168.1.107', '        76-fd-48-85-bc-bb     '),
(81851, '', '2025-06-14', '11:54:18', 0, '192.168.1.107', '        76-fd-48-85-bc-bb     '),
(81852, '', '2025-06-14', '11:55:14', 0, '192.168.1.94', ' Found.\r\n'),
(81853, '', '2025-06-14', '13:14:55', 0, '192.168.1.107', '        76-fd-48-85-bc-bb     '),
(81854, '', '2025-06-14', '14:28:56', 0, '192.168.1.94', ' Found.\r\n'),
(81855, '', '2025-06-14', '14:33:59', 0, '192.168.1.94', ' Found.\r\n'),
(81856, '', '2025-06-14', '14:34:33', 0, '192.168.1.107', '        76-fd-48-85-bc-bb     '),
(81857, '', '2025-06-14', '14:34:52', 0, '192.168.1.94', ' Found.\r\n'),
(81858, '', '2025-06-14', '14:41:35', 0, '192.168.1.94', ' Found.\r\n'),
(81859, '', '2025-06-14', '14:42:49', 0, '192.168.1.94', ' Found.\r\n'),
(81860, '', '2025-06-14', '14:44:53', 0, '192.168.1.94', ' Found.\r\n'),
(81861, '', '2025-06-14', '14:46:06', 0, '192.168.1.94', ' Found.\r\n'),
(81862, '', '2025-06-14', '14:48:07', 0, '192.168.1.94', ' Found.\r\n'),
(81863, '', '2025-06-14', '14:48:49', 0, '192.168.1.94', ' Found.\r\n'),
(81864, '', '2025-06-14', '14:54:23', 0, '192.168.1.107', '        76-fd-48-85-bc-bb     '),
(81865, '', '2025-06-14', '15:01:29', 0, '192.168.1.94', ' Found.\r\n'),
(81866, '', '2025-06-14', '15:11:04', 0, '192.168.1.107', '        76-fd-48-85-bc-bb     '),
(81867, '', '2025-06-14', '15:24:54', 0, '192.168.1.94', ' Found.\r\n'),
(81868, '', '2025-06-14', '15:25:37', 0, '192.168.1.114', '        ca-c6-d9-e9-b6-b3     '),
(81869, '', '2025-06-14', '15:42:22', 0, '192.168.1.94', ' Found.\r\n'),
(81870, '', '2025-06-14', '15:50:40', 0, '192.168.1.107', '        76-fd-48-85-bc-bb     '),
(81871, '', '2025-06-14', '16:00:57', 0, '192.168.1.107', '        76-fd-48-85-bc-bb     '),
(81872, '', '2025-06-16', '08:30:19', 0, '192.168.1.94', ' Found.\r\n'),
(81873, '', '2025-06-16', '08:50:21', 0, '192.168.1.94', ' Found.\r\n'),
(81874, '', '2025-06-16', '08:52:11', 0, '192.168.1.94', ' Found.\r\n'),
(81875, '', '2025-06-16', '09:01:04', 0, '192.168.1.94', ' Found.\r\n'),
(81876, '', '2025-06-16', '09:03:19', 0, '192.168.1.94', ' Found.\r\n'),
(81877, '', '2025-06-16', '09:07:22', 0, '192.168.1.94', ' Found.\r\n'),
(81878, '', '2025-06-16', '09:08:33', 0, '192.168.1.94', ' Found.\r\n'),
(81879, '', '2025-06-16', '09:10:25', 0, '192.168.1.94', ' Found.\r\n'),
(81880, '', '2025-06-16', '09:14:18', 0, '192.168.1.94', ' Found.\r\n'),
(81881, '', '2025-06-16', '09:16:32', 0, '192.168.1.94', ' Found.\r\n'),
(81882, '', '2025-06-16', '09:17:52', 0, '192.168.1.94', ' Found.\r\n'),
(81883, '', '2025-06-16', '09:21:50', 0, '192.168.1.94', ' Found.\r\n'),
(81884, '', '2025-06-16', '09:25:26', 0, '192.168.1.94', ' Found.\r\n'),
(81885, '', '2025-06-16', '09:27:03', 0, '192.168.1.94', ' Found.\r\n'),
(81886, '', '2025-06-16', '10:09:00', 0, '192.168.1.94', ' Found.\r\n'),
(81887, '', '2025-06-16', '10:29:03', 0, '192.168.1.94', ' Found.\r\n'),
(81888, '', '2025-06-16', '10:30:49', 0, '192.168.1.94', ' Found.\r\n'),
(81889, '', '2025-06-16', '10:31:50', 0, '192.168.1.94', ' Found.\r\n'),
(81890, '', '2025-06-16', '10:33:21', 0, '192.168.1.94', ' Found.\r\n'),
(81891, '', '2025-06-16', '10:38:59', 0, '192.168.1.94', ' Found.\r\n'),
(81892, '', '2025-06-16', '10:42:35', 0, '192.168.1.94', ' Found.\r\n'),
(81893, '', '2025-06-16', '10:43:11', 0, '192.168.1.94', ' Found.\r\n'),
(81894, '', '2025-06-16', '10:57:33', 0, '192.168.1.94', ' Found.\r\n'),
(81895, '', '2025-06-16', '10:58:46', 0, '192.168.1.94', ' Found.\r\n'),
(81896, '', '2025-06-16', '11:11:03', 0, '192.168.1.94', ' Found.\r\n'),
(81897, '', '2025-06-16', '11:12:28', 0, '192.168.1.94', ' Found.\r\n'),
(81898, '', '2025-06-16', '11:14:59', 0, '192.168.1.94', ' Found.\r\n'),
(81899, '', '2025-06-16', '11:16:28', 0, '192.168.1.94', ' Found.\r\n'),
(81900, '', '2025-06-16', '11:17:15', 0, '192.168.1.94', ' Found.\r\n'),
(81901, '', '2025-06-16', '11:17:30', 0, '192.168.1.94', ' Found.\r\n'),
(81902, '', '2025-06-16', '11:17:51', 0, '192.168.1.94', ' Found.\r\n'),
(81903, '', '2025-06-16', '11:18:00', 0, '192.168.1.94', ' Found.\r\n'),
(81904, '', '2025-06-16', '11:18:11', 0, '192.168.1.94', ' Found.\r\n'),
(81905, '', '2025-06-16', '11:21:41', 0, '192.168.1.94', ' Found.\r\n'),
(81906, '', '2025-06-16', '11:21:58', 0, '192.168.1.94', ' Found.\r\n'),
(81907, '', '2025-06-16', '11:26:20', 0, '192.168.1.94', ' Found.\r\n'),
(81908, '', '2025-06-16', '11:41:58', 0, '192.168.1.94', ' Found.\r\n'),
(81909, '', '2025-06-16', '11:42:59', 0, '192.168.1.94', ' Found.\r\n'),
(81910, '', '2025-06-16', '11:47:32', 0, '192.168.1.94', ' Found.\r\n'),
(81911, '', '2025-06-16', '13:12:16', 0, '192.168.1.94', ' Found.\r\n'),
(81912, '', '2025-06-16', '13:19:35', 0, '192.168.1.94', ' Found.\r\n'),
(81913, '', '2025-06-16', '13:22:26', 0, '192.168.1.94', ' Found.\r\n'),
(81914, '', '2025-06-16', '13:23:48', 0, '192.168.1.94', ' Found.\r\n'),
(81915, '', '2025-06-16', '13:24:33', 0, '192.168.1.94', ' Found.\r\n'),
(81916, '', '2025-06-16', '13:24:57', 0, '192.168.1.94', ' Found.\r\n'),
(81917, '', '2025-06-16', '13:27:36', 0, '192.168.1.94', ' Found.\r\n'),
(81918, '', '2025-06-16', '13:35:37', 0, '192.168.1.94', ' Found.\r\n'),
(81919, '', '2025-06-16', '13:39:10', 0, '192.168.1.94', ' Found.\r\n'),
(81920, '', '2025-06-16', '13:41:46', 0, '192.168.1.94', ' Found.\r\n'),
(81921, '', '2025-06-16', '13:42:00', 0, '192.168.1.110', '        e6-a5-8a-e3-ea-5c     '),
(81922, '', '2025-06-16', '13:42:49', 0, '192.168.1.110', '        e6-a5-8a-e3-ea-5c     '),
(81923, '', '2025-06-16', '13:47:16', 0, '192.168.1.110', '        e6-a5-8a-e3-ea-5c     '),
(81924, '', '2025-06-16', '13:47:40', 0, '192.168.1.110', '        e6-a5-8a-e3-ea-5c     '),
(81925, '', '2025-06-16', '13:49:38', 0, '192.168.1.110', '        e6-a5-8a-e3-ea-5c     '),
(81926, '', '2025-06-16', '13:51:54', 0, '192.168.1.94', ' Found.\r\n'),
(81927, '', '2025-06-16', '13:55:53', 0, '192.168.1.110', '        e6-a5-8a-e3-ea-5c     '),
(81928, '', '2025-06-16', '14:02:59', 0, '192.168.1.114', '        ca-c6-d9-e9-b6-b3     '),
(81929, '', '2025-06-16', '14:15:12', 0, '192.168.1.114', '        ca-c6-d9-e9-b6-b3     '),
(81930, '', '2025-06-16', '14:38:34', 0, '192.168.1.94', ' Found.\r\n'),
(81931, '', '2025-06-16', '14:44:28', 0, '192.168.1.19', '         28-c5-c8-73-d8-5d    '),
(81932, '', '2025-06-16', '14:48:38', 0, '192.168.1.94', ' Found.\r\n'),
(81933, '', '2025-06-16', '14:49:14', 0, '192.168.1.114', '        ca-c6-d9-e9-b6-b3     '),
(81934, '', '2025-06-16', '14:50:55', 0, '192.168.1.94', ' Found.\r\n'),
(81935, '', '2025-06-16', '14:52:52', 0, '192.168.1.94', ' Found.\r\n'),
(81936, '', '2025-06-16', '14:53:16', 0, '192.168.1.114', '        ca-c6-d9-e9-b6-b3     '),
(81937, '', '2025-06-16', '15:04:42', 0, '192.168.1.114', '        ca-c6-d9-e9-b6-b3     '),
(81938, '', '2025-06-16', '15:18:10', 0, '192.168.1.94', ' Found.\r\n'),
(81939, '', '2025-06-16', '15:19:06', 0, '192.168.1.94', ' Found.\r\n'),
(81940, '', '2025-06-16', '15:21:02', 0, '192.168.1.94', ' Found.\r\n'),
(81941, '', '2025-06-16', '15:24:17', 0, '192.168.1.94', ' Found.\r\n'),
(81942, '', '2025-06-16', '15:25:36', 0, '192.168.1.94', ' Found.\r\n'),
(81943, '', '2025-06-16', '15:39:19', 0, '192.168.1.114', '        ca-c6-d9-e9-b6-b3     '),
(81944, '', '2025-06-16', '16:24:11', 0, '192.168.1.114', '        ca-c6-d9-e9-b6-b3     '),
(81945, '', '2025-06-17', '08:05:07', 0, '192.168.1.19', '         28-c5-c8-73-d8-5d    '),
(81946, '', '2025-06-17', '08:09:47', 0, '192.168.1.19', '         28-c5-c8-73-d8-5d    '),
(81947, '', '2025-06-17', '08:14:13', 0, '192.168.1.19', '         28-c5-c8-73-d8-5d    '),
(81948, '', '2025-06-17', '08:17:20', 0, '192.168.1.19', '         28-c5-c8-73-d8-5d    '),
(81949, '', '2025-06-17', '08:27:18', 0, '192.168.1.19', '         28-c5-c8-73-d8-5d    '),
(81950, '', '2025-06-17', '08:48:27', 0, '192.168.1.19', '         28-c5-c8-73-d8-5d    '),
(81951, '', '2025-06-17', '08:50:51', 0, '192.168.1.19', '         28-c5-c8-73-d8-5d    '),
(81952, '', '2025-06-17', '08:53:57', 0, '192.168.1.19', '         28-c5-c8-73-d8-5d    '),
(81953, '', '2025-06-17', '09:15:26', 0, '192.168.1.19', '         28-c5-c8-73-d8-5d    '),
(81954, '', '2025-06-17', '09:18:42', 0, '192.168.1.19', '         28-c5-c8-73-d8-5d    '),
(81955, '', '2025-06-17', '09:29:56', 0, '192.168.1.19', '         28-c5-c8-73-d8-5d    '),
(81956, '', '2025-06-17', '10:13:22', 0, '192.168.1.19', '         28-c5-c8-73-d8-5d    '),
(81957, '', '2025-06-17', '10:14:04', 0, '192.168.1.19', '         28-c5-c8-73-d8-5d    '),
(81958, '', '2025-06-17', '11:02:12', 0, '192.168.1.19', '         28-c5-c8-73-d8-5d    '),
(81959, '', '2025-06-17', '11:24:57', 0, '192.168.1.19', '         28-c5-c8-73-d8-5d    '),
(81960, '', '2025-06-17', '11:30:39', 0, '192.168.1.19', '         28-c5-c8-73-d8-5d    '),
(81961, '', '2025-06-17', '11:34:13', 0, '192.168.1.19', '         28-c5-c8-73-d8-5d    '),
(81962, '', '2025-06-17', '11:57:12', 0, '192.168.1.19', '         28-c5-c8-73-d8-5d    '),
(81963, '', '2025-06-17', '11:57:13', 0, '192.168.1.19', '         28-c5-c8-73-d8-5d    '),
(81964, '', '2025-06-17', '11:57:14', 0, '192.168.1.19', '         28-c5-c8-73-d8-5d    '),
(81965, '', '2025-06-17', '11:57:15', 0, '192.168.1.19', '         28-c5-c8-73-d8-5d    '),
(81966, '', '2025-06-17', '11:57:16', 0, '192.168.1.19', '         28-c5-c8-73-d8-5d    '),
(81967, '', '2025-06-17', '11:57:16', 0, '192.168.1.19', '         28-c5-c8-73-d8-5d    '),
(81968, '', '2025-06-17', '11:57:16', 0, '192.168.1.19', '         28-c5-c8-73-d8-5d    '),
(81969, '', '2025-06-17', '11:57:17', 0, '192.168.1.19', '         28-c5-c8-73-d8-5d    '),
(81970, '', '2025-06-17', '11:57:18', 0, '192.168.1.19', '         28-c5-c8-73-d8-5d    '),
(81971, '', '2025-06-17', '13:13:35', 0, '192.168.1.19', '         28-c5-c8-73-d8-5d    '),
(81972, '', '2025-06-17', '13:20:00', 0, '192.168.1.19', '         28-c5-c8-73-d8-5d    '),
(81973, '', '2025-06-17', '13:27:30', 0, '192.168.1.19', '         28-c5-c8-73-d8-5d    '),
(81974, '', '2025-06-17', '13:29:26', 0, '192.168.1.19', '         28-c5-c8-73-d8-5d    '),
(81975, '', '2025-06-17', '13:30:15', 0, '192.168.1.19', '         28-c5-c8-73-d8-5d    '),
(81976, '', '2025-06-17', '13:31:09', 0, '192.168.1.19', '         28-c5-c8-73-d8-5d    '),
(81977, '', '2025-06-17', '13:35:23', 0, '192.168.1.94', ' Found.\r\n'),
(81978, '', '2025-06-17', '13:36:28', 0, '192.168.1.19', '         28-c5-c8-73-d8-5d    '),
(81979, '', '2025-06-17', '13:45:40', 0, '192.168.1.94', ' Found.\r\n'),
(81980, '', '2025-06-17', '13:46:25', 0, '192.168.1.94', ' Found.\r\n'),
(81981, '', '2025-06-17', '13:47:45', 0, '192.168.1.19', '         28-c5-c8-73-d8-5d    '),
(81982, '', '2025-06-17', '13:48:25', 0, '192.168.1.94', ' Found.\r\n'),
(81983, '', '2025-06-17', '13:50:34', 0, '192.168.1.122', '        04-95-e6-12-8d-e9     '),
(81984, '', '2025-06-17', '13:51:44', 0, '192.168.1.122', '        04-95-e6-12-8d-e9     '),
(81985, '', '2025-06-17', '13:53:27', 0, '192.168.1.94', ' Found.\r\n'),
(81986, '', '2025-06-17', '13:58:50', 0, '192.168.1.122', '        04-95-e6-12-8d-e9     '),
(81987, '', '2025-06-17', '14:05:12', 0, '192.168.1.94', ' Found.\r\n'),
(81988, '', '2025-06-17', '14:05:48', 0, '192.168.1.94', ' Found.\r\n'),
(81989, '', '2025-06-17', '14:06:10', 0, '192.168.1.94', ' Found.\r\n'),
(81990, '', '2025-06-17', '14:08:26', 0, '192.168.1.94', ' Found.\r\n'),
(81991, '', '2025-06-17', '14:09:38', 0, '192.168.1.94', ' Found.\r\n'),
(81992, '', '2025-06-17', '14:10:13', 0, '192.168.1.94', ' Found.\r\n'),
(81993, '', '2025-06-17', '14:11:07', 0, '192.168.1.94', ' Found.\r\n'),
(81994, '', '2025-06-17', '14:11:30', 0, '192.168.1.94', ' Found.\r\n'),
(81995, '', '2025-06-17', '14:12:10', 0, '192.168.1.94', ' Found.\r\n'),
(81996, '', '2025-06-17', '14:15:13', 0, '192.168.1.122', '        04-95-e6-12-8d-e9     '),
(81997, '', '2025-06-17', '14:16:06', 0, '192.168.1.94', ' Found.\r\n'),
(81998, '', '2025-06-17', '14:21:37', 0, '192.168.1.94', ' Found.\r\n'),
(81999, '', '2025-06-17', '14:21:53', 0, '192.168.1.122', '        04-95-e6-12-8d-e9     '),
(82000, '', '2025-06-17', '14:25:52', 0, '192.168.1.94', ' Found.\r\n'),
(82001, '', '2025-06-17', '14:29:01', 0, '192.168.1.94', ' Found.\r\n'),
(82002, '', '2025-06-17', '14:29:23', 0, '192.168.1.94', ' Found.\r\n'),
(82003, '', '2025-06-17', '14:30:01', 0, '192.168.1.94', ' Found.\r\n'),
(82004, '', '2025-06-17', '14:31:25', 0, '192.168.1.94', ' Found.\r\n'),
(82005, '', '2025-06-17', '14:33:51', 0, '192.168.1.94', ' Found.\r\n'),
(82006, '', '2025-06-17', '14:39:34', 0, '192.168.1.122', '        04-95-e6-12-8d-e9     '),
(82007, '', '2025-06-17', '14:45:13', 0, '192.168.1.122', '        04-95-e6-12-8d-e9     '),
(82008, '', '2025-06-17', '14:45:20', 0, '192.168.1.94', ' Found.\r\n'),
(82009, '', '2025-06-17', '14:45:48', 0, '192.168.1.94', ' Found.\r\n'),
(82010, '', '2025-06-17', '14:46:08', 0, '192.168.1.94', ' Found.\r\n'),
(82011, '', '2025-06-17', '14:46:20', 0, '192.168.1.122', '        04-95-e6-12-8d-e9     '),
(82012, '', '2025-06-17', '14:48:19', 0, '192.168.1.122', '        04-95-e6-12-8d-e9     '),
(82013, '', '2025-06-17', '14:48:38', 0, '192.168.1.94', ' Found.\r\n'),
(82014, '', '2025-06-17', '14:52:00', 0, '192.168.1.94', ' Found.\r\n'),
(82015, '', '2025-06-17', '14:52:00', 0, '192.168.1.122', '        04-95-e6-12-8d-e9     '),
(82016, '', '2025-06-17', '14:53:26', 0, '192.168.1.94', ' Found.\r\n'),
(82017, '', '2025-06-17', '14:54:39', 0, '192.168.1.122', '        04-95-e6-12-8d-e9     '),
(82018, '', '2025-06-17', '14:57:08', 0, '192.168.1.94', ' Found.\r\n'),
(82019, '', '2025-06-17', '14:57:57', 0, '192.168.1.94', ' Found.\r\n'),
(82020, '', '2025-06-17', '15:00:34', 0, '192.168.1.94', ' Found.\r\n'),
(82021, '', '2025-06-17', '15:00:52', 0, '192.168.1.94', ' Found.\r\n'),
(82022, '', '2025-06-17', '15:02:08', 0, '192.168.1.94', ' Found.\r\n'),
(82023, '', '2025-06-17', '15:03:20', 0, '192.168.1.94', ' Found.\r\n'),
(82024, '', '2025-06-17', '15:03:59', 0, '192.168.1.94', ' Found.\r\n'),
(82025, '', '2025-06-17', '15:04:46', 0, '192.168.1.94', ' Found.\r\n'),
(82026, '', '2025-06-17', '15:05:29', 0, '192.168.1.94', ' Found.\r\n'),
(82027, '', '2025-06-17', '15:06:43', 0, '192.168.1.94', ' Found.\r\n'),
(82028, '', '2025-06-17', '15:09:17', 0, '192.168.1.94', ' Found.\r\n'),
(82029, '', '2025-06-17', '15:10:08', 0, '192.168.1.122', '        04-95-e6-12-8d-e9     '),
(82030, '', '2025-06-17', '15:10:53', 0, '192.168.1.122', '        04-95-e6-12-8d-e9     '),
(82031, '', '2025-06-17', '15:12:19', 0, '192.168.1.122', '        04-95-e6-12-8d-e9     '),
(82032, '', '2025-06-17', '15:14:23', 0, '192.168.1.94', ' Found.\r\n'),
(82033, '', '2025-06-17', '15:18:48', 0, '192.168.1.122', '        04-95-e6-12-8d-e9     '),
(82034, '', '2025-06-17', '15:19:09', 0, '192.168.1.94', ' Found.\r\n'),
(82035, '', '2025-06-17', '15:20:19', 0, '192.168.1.94', ' Found.\r\n'),
(82036, '', '2025-06-17', '15:20:50', 0, '192.168.1.94', ' Found.\r\n'),
(82037, '', '2025-06-17', '15:23:10', 0, '192.168.1.94', ' Found.\r\n'),
(82038, '', '2025-06-17', '15:24:02', 0, '192.168.1.122', '        04-95-e6-12-8d-e9     '),
(82039, '', '2025-06-17', '15:25:00', 0, '192.168.1.94', ' Found.\r\n'),
(82040, '', '2025-06-17', '15:27:36', 0, '192.168.1.94', ' Found.\r\n'),
(82041, '', '2025-06-17', '15:28:02', 0, '192.168.1.122', '        04-95-e6-12-8d-e9     '),
(82042, '', '2025-06-17', '15:28:16', 0, '192.168.1.94', ' Found.\r\n'),
(82043, '', '2025-06-17', '15:34:23', 0, '192.168.1.122', '        04-95-e6-12-8d-e9     '),
(82044, '', '2025-06-17', '15:44:02', 0, '192.168.1.122', '        04-95-e6-12-8d-e9     '),
(82045, '', '2025-06-17', '15:45:16', 0, '192.168.1.122', '        04-95-e6-12-8d-e9     '),
(82046, '', '2025-06-17', '15:47:13', 0, '192.168.1.122', '        04-95-e6-12-8d-e9     '),
(82047, '', '2025-06-17', '16:00:57', 0, '192.168.1.94', ' Found.\r\n'),
(82048, '', '2025-06-17', '16:08:02', 0, '192.168.1.94', ' Found.\r\n'),
(82049, '', '2025-06-17', '16:08:59', 0, '192.168.1.122', '        04-95-e6-12-8d-e9     '),
(82050, '', '2025-06-17', '16:14:15', 0, '192.168.1.94', ' Found.\r\n'),
(82051, '', '2025-06-17', '16:17:15', 0, '192.168.1.122', '        04-95-e6-12-8d-e9     '),
(82052, '', '2025-06-17', '16:19:42', 0, '192.168.1.94', ' Found.\r\n'),
(82053, '', '2025-06-17', '16:20:23', 0, '192.168.1.122', '        04-95-e6-12-8d-e9     '),
(82054, '', '2025-06-17', '16:30:19', 0, '192.168.1.94', ' Found.\r\n'),
(82055, '', '2025-06-17', '16:32:14', 0, '192.168.1.122', '        04-95-e6-12-8d-e9     '),
(82056, '', '2025-06-17', '16:36:36', 0, '192.168.1.94', ' Found.\r\n'),
(82057, '', '2025-06-17', '16:37:47', 0, '192.168.1.94', ' Found.\r\n'),
(82058, '', '2025-06-17', '16:42:13', 0, '192.168.1.94', ' Found.\r\n'),
(82059, '', '2025-06-17', '16:45:19', 0, '192.168.1.94', ' Found.\r\n'),
(82060, '', '2025-06-17', '16:46:22', 0, '192.168.1.122', '        04-95-e6-12-8d-e9     '),
(82061, '', '2025-06-17', '16:51:03', 0, '192.168.1.94', ' Found.\r\n'),
(82062, '', '2025-06-17', '16:52:51', 0, '192.168.1.94', ' Found.\r\n'),
(82063, '', '2025-06-17', '16:53:16', 0, '192.168.1.94', ' Found.\r\n'),
(82064, '', '2025-06-18', '08:21:30', 0, '192.168.1.94', ' Found.\r\n'),
(82065, '', '2025-06-18', '08:23:22', 0, '192.168.1.94', ' Found.\r\n'),
(82066, '', '2025-06-18', '08:26:52', 0, '192.168.1.94', ' Found.\r\n'),
(82067, '', '2025-06-18', '08:29:04', 0, '192.168.1.94', ' Found.\r\n'),
(82068, '', '2025-06-18', '08:30:34', 0, '192.168.1.94', ' Found.\r\n'),
(82069, '', '2025-06-18', '08:33:48', 0, '192.168.1.94', ' Found.\r\n'),
(82070, '', '2025-06-18', '08:36:40', 0, '192.168.1.94', ' Found.\r\n'),
(82071, '', '2025-06-18', '08:42:08', 0, '192.168.1.94', ' Found.\r\n'),
(82072, '', '2025-06-18', '08:52:19', 0, '192.168.1.94', ' Found.\r\n'),
(82073, '', '2025-06-18', '08:55:17', 0, '192.168.1.94', ' Found.\r\n'),
(82074, '', '2025-06-18', '09:25:23', 0, '192.168.1.94', ' Found.\r\n'),
(82075, '', '2025-06-18', '09:52:05', 0, '192.168.1.94', ' Found.\r\n'),
(82076, '', '2025-06-18', '10:18:25', 0, '192.168.1.94', ' Found.\r\n'),
(82077, '', '2025-06-18', '10:19:19', 0, '192.168.1.94', ' Found.\r\n'),
(82078, '', '2025-06-18', '10:25:28', 0, '192.168.1.94', ' Found.\r\n'),
(82079, '', '2025-06-18', '10:34:49', 0, '192.168.1.94', ' Found.\r\n'),
(82080, '', '2025-06-18', '10:35:41', 0, '192.168.1.94', ' Found.\r\n'),
(82081, '', '2025-06-18', '10:36:50', 0, '192.168.1.94', ' Found.\r\n'),
(82082, '', '2025-06-18', '10:37:57', 0, '192.168.1.94', ' Found.\r\n'),
(82083, '', '2025-06-18', '10:38:35', 0, '192.168.1.94', ' Found.\r\n'),
(82084, '', '2025-06-18', '10:40:08', 0, '192.168.1.94', ' Found.\r\n'),
(82085, '', '2025-06-18', '10:41:42', 0, '192.168.1.94', ' Found.\r\n'),
(82086, '', '2025-06-18', '10:43:38', 0, '192.168.1.94', ' Found.\r\n'),
(82087, '', '2025-06-18', '10:46:08', 0, '192.168.1.94', ' Found.\r\n'),
(82088, '', '2025-06-18', '10:46:46', 0, '192.168.1.94', ' Found.\r\n'),
(82089, '', '2025-06-18', '10:47:57', 0, '192.168.1.122', '        04-95-e6-12-8d-e9     '),
(82090, '', '2025-06-18', '10:49:48', 0, '192.168.1.94', ' Found.\r\n'),
(82091, '', '2025-06-18', '10:51:56', 0, '192.168.1.94', ' Found.\r\n'),
(82092, '', '2025-06-18', '10:54:48', 0, '192.168.1.94', ' Found.\r\n'),
(82093, '', '2025-06-18', '10:57:35', 0, '192.168.1.94', ' Found.\r\n'),
(82094, '', '2025-06-18', '10:58:12', 0, '192.168.1.94', ' Found.\r\n'),
(82095, '', '2025-06-18', '11:03:43', 0, '192.168.1.19', '         28-c5-c8-73-d8-5d    '),
(82096, '', '2025-06-18', '11:05:00', 0, '192.168.1.94', ' Found.\r\n'),
(82097, '', '2025-06-18', '11:07:46', 0, '192.168.1.19', '         28-c5-c8-73-d8-5d    '),
(82098, '', '2025-06-18', '11:18:27', 0, '192.168.1.19', '         28-c5-c8-73-d8-5d    '),
(82099, '', '2025-06-18', '11:21:30', 0, '192.168.1.19', '         28-c5-c8-73-d8-5d    '),
(82100, '', '2025-06-18', '11:22:27', 0, '192.168.1.19', '         28-c5-c8-73-d8-5d    '),
(82101, '', '2025-06-18', '11:25:09', 0, '192.168.1.94', ' Found.\r\n'),
(82102, '', '2025-06-18', '11:25:29', 0, '192.168.1.94', ' Found.\r\n'),
(82103, '', '2025-06-18', '11:26:20', 0, '192.168.1.19', '         28-c5-c8-73-d8-5d    '),
(82104, '', '2025-06-18', '11:32:29', 0, '192.168.1.94', ' Found.\r\n'),
(82105, '', '2025-06-18', '11:34:42', 0, '192.168.1.94', ' Found.\r\n'),
(82106, '', '2025-06-18', '11:35:39', 0, '192.168.1.94', ' Found.\r\n'),
(82107, '', '2025-06-18', '11:45:51', 0, '192.168.1.94', ' Found.\r\n'),
(82108, '', '2025-06-18', '11:55:38', 0, '192.168.1.94', ' Found.\r\n'),
(82109, '', '2025-06-18', '11:56:15', 0, '192.168.1.94', ' Found.\r\n'),
(82110, '', '2025-06-18', '11:57:10', 0, '192.168.1.94', ' Found.\r\n'),
(82111, '', '2025-06-18', '13:17:14', 0, '192.168.1.19', '         28-c5-c8-73-d8-5d    '),
(82112, '', '2025-06-18', '13:18:01', 0, '192.168.1.19', '         28-c5-c8-73-d8-5d    '),
(82113, '', '2025-06-18', '13:21:44', 0, '192.168.1.94', ' Found.\r\n'),
(82114, '', '2025-06-18', '13:25:18', 0, '192.168.1.94', ' Found.\r\n'),
(82115, '', '2025-06-18', '13:28:28', 0, '192.168.1.94', ' Found.\r\n'),
(82116, '', '2025-06-18', '13:28:29', 0, '192.168.1.19', '         28-c5-c8-73-d8-5d    '),
(82117, '', '2025-06-18', '13:28:43', 0, '192.168.1.94', ' Found.\r\n'),
(82118, '', '2025-06-18', '13:29:14', 0, '192.168.1.19', '         28-c5-c8-73-d8-5d    '),
(82119, '', '2025-06-18', '13:29:39', 0, '192.168.1.94', ' Found.\r\n'),
(82120, '', '2025-06-18', '13:29:49', 0, '192.168.1.94', ' Found.\r\n'),
(82121, '', '2025-06-18', '13:35:14', 0, '192.168.1.94', ' Found.\r\n'),
(82122, '', '2025-06-18', '13:35:27', 0, '192.168.1.94', ' Found.\r\n'),
(82123, '', '2025-06-18', '13:39:13', 0, '192.168.1.94', ' Found.\r\n'),
(82124, '', '2025-06-18', '13:41:04', 0, '192.168.1.19', '         28-c5-c8-73-d8-5d    '),
(82125, '', '2025-06-18', '13:42:18', 0, '192.168.1.94', ' Found.\r\n'),
(82126, '', '2025-06-18', '13:45:17', 0, '192.168.1.94', ' Found.\r\n'),
(82127, '', '2025-06-18', '13:49:02', 0, '192.168.1.94', ' Found.\r\n'),
(82128, '', '2025-06-18', '13:52:11', 0, '192.168.1.94', ' Found.\r\n'),
(82129, '', '2025-06-18', '14:02:26', 0, '192.168.1.19', '         28-c5-c8-73-d8-5d    '),
(82130, '', '2025-06-18', '14:08:23', 0, '192.168.1.94', ' Found.\r\n'),
(82131, '', '2025-06-18', '14:08:30', 0, '192.168.1.94', ' Found.\r\n'),
(82132, '', '2025-06-18', '14:08:39', 0, '192.168.1.94', ' Found.\r\n'),
(82133, '', '2025-06-18', '14:11:00', 0, '192.168.1.94', ' Found.\r\n'),
(82134, '', '2025-06-18', '14:11:00', 0, '192.168.1.122', '        04-95-e6-12-8d-e9     '),
(82135, '', '2025-06-18', '14:11:33', 0, '192.168.1.122', '        04-95-e6-12-8d-e9     '),
(82136, '', '2025-06-18', '14:12:59', 0, '192.168.1.94', ' Found.\r\n'),
(82137, '', '2025-06-18', '14:13:25', 0, '192.168.1.122', '        04-95-e6-12-8d-e9     '),
(82138, '', '2025-06-18', '14:14:54', 0, '192.168.1.94', ' Found.\r\n'),
(82139, '', '2025-06-18', '14:15:04', 0, '192.168.1.94', ' Found.\r\n'),
(82140, '', '2025-06-18', '14:16:47', 0, '192.168.1.19', '         28-c5-c8-73-d8-5d    '),
(82141, '', '2025-06-18', '14:17:14', 0, '192.168.1.94', ' Found.\r\n'),
(82142, '', '2025-06-18', '14:21:37', 0, '192.168.1.94', ' Found.\r\n'),
(82143, '', '2025-06-18', '14:29:17', 0, '192.168.1.94', ' Found.\r\n'),
(82144, '', '2025-06-18', '14:30:18', 0, '192.168.1.94', ' Found.\r\n'),
(82145, '', '2025-06-18', '14:32:50', 0, '192.168.1.94', ' Found.\r\n'),
(82146, '', '2025-06-18', '14:35:28', 0, '192.168.1.94', ' Found.\r\n'),
(82147, '', '2025-06-18', '14:38:53', 0, '192.168.1.94', ' Found.\r\n'),
(82148, '', '2025-06-18', '14:42:15', 0, '192.168.1.94', ' Found.\r\n'),
(82149, '', '2025-06-18', '14:44:05', 0, '192.168.1.122', '        04-95-e6-12-8d-e9     '),
(82150, '', '2025-06-18', '14:44:05', 0, '192.168.1.94', ' Found.\r\n'),
(82151, '', '2025-06-18', '14:44:52', 0, '192.168.1.94', ' Found.\r\n'),
(82152, '', '2025-06-18', '14:47:57', 0, '192.168.1.94', ' Found.\r\n'),
(82153, '', '2025-06-18', '14:50:41', 0, '192.168.1.94', ' Found.\r\n'),
(82154, '', '2025-06-18', '14:51:39', 0, '192.168.1.94', ' Found.\r\n'),
(82155, '', '2025-06-18', '14:52:58', 0, '192.168.1.94', ' Found.\r\n'),
(82156, '', '2025-06-18', '14:57:30', 0, '192.168.1.94', ' Found.\r\n'),
(82157, '', '2025-06-18', '14:58:19', 0, '192.168.1.94', ' Found.\r\n'),
(82158, '', '2025-06-18', '14:58:48', 0, '192.168.1.122', '        04-95-e6-12-8d-e9     '),
(82159, '', '2025-06-18', '14:59:10', 0, '192.168.1.94', ' Found.\r\n'),
(82160, '', '2025-06-18', '15:05:36', 0, '192.168.1.94', ' Found.\r\n'),
(82161, '', '2025-06-18', '15:09:11', 0, '192.168.1.94', ' Found.\r\n'),
(82162, '', '2025-06-18', '15:11:30', 0, '192.168.1.94', ' Found.\r\n'),
(82163, '', '2025-06-18', '15:15:10', 0, '192.168.1.94', ' Found.\r\n'),
(82164, '', '2025-06-18', '15:19:13', 0, '192.168.1.94', ' Found.\r\n'),
(82165, '', '2025-06-18', '15:19:48', 0, '192.168.1.122', '        04-95-e6-12-8d-e9     '),
(82166, '', '2025-06-18', '15:21:39', 0, '192.168.1.94', ' Found.\r\n'),
(82167, '', '2025-06-18', '15:27:37', 0, '192.168.1.94', ' Found.\r\n'),
(82168, '', '2025-06-18', '15:28:46', 0, '192.168.1.94', ' Found.\r\n'),
(82169, '', '2025-06-18', '15:29:26', 0, '192.168.1.94', ' Found.\r\n'),
(82170, '', '2025-06-18', '15:32:11', 0, '192.168.1.94', ' Found.\r\n'),
(82171, '', '2025-06-18', '15:37:24', 0, '192.168.1.94', ' Found.\r\n'),
(82172, '', '2025-06-18', '15:42:31', 0, '192.168.1.122', '        04-95-e6-12-8d-e9     '),
(82173, '', '2025-06-18', '15:42:51', 0, '192.168.1.94', ' Found.\r\n'),
(82174, '', '2025-06-18', '15:45:41', 0, '192.168.1.122', '        04-95-e6-12-8d-e9     '),
(82175, '', '2025-06-18', '15:46:07', 0, '192.168.1.94', ' Found.\r\n'),
(82176, '', '2025-06-18', '15:46:33', 0, '192.168.1.94', ' Found.\r\n'),
(82177, '', '2025-06-18', '15:49:53', 0, '192.168.1.122', '        04-95-e6-12-8d-e9     '),
(82178, '', '2025-06-18', '16:10:04', 0, '192.168.1.122', '        04-95-e6-12-8d-e9     '),
(82179, '', '2025-06-18', '16:13:37', 0, '192.168.1.19', '         28-c5-c8-73-d8-5d    '),
(82180, '', '2025-06-18', '16:38:21', 0, '192.168.1.19', '         28-c5-c8-73-d8-5d    '),
(82181, '', '2025-06-18', '16:45:50', 0, '192.168.1.19', '         28-c5-c8-73-d8-5d    '),
(82182, '', '2025-06-19', '08:14:20', 0, '192.168.1.94', ' Found.\r\n'),
(82183, '', '2025-06-19', '08:16:10', 0, '192.168.1.19', '         28-c5-c8-73-d8-5d    '),
(82184, '', '2025-06-19', '08:18:30', 0, '192.168.1.19', '         28-c5-c8-73-d8-5d    '),
(82185, '', '2025-06-19', '08:19:26', 0, '192.168.1.19', '         28-c5-c8-73-d8-5d    '),
(82186, '', '2025-06-19', '08:23:49', 0, '192.168.1.94', ' Found.\r\n'),
(82187, '', '2025-06-19', '08:27:17', 0, '192.168.1.19', '         28-c5-c8-73-d8-5d    '),
(82188, '', '2025-06-19', '08:32:10', 0, '192.168.1.19', '         28-c5-c8-73-d8-5d    '),
(82189, '', '2025-06-19', '08:34:50', 0, '192.168.1.94', ' Found.\r\n'),
(82190, '', '2025-06-19', '08:35:30', 0, '192.168.1.94', ' Found.\r\n'),
(82191, '', '2025-06-19', '08:36:02', 0, '192.168.1.94', ' Found.\r\n'),
(82192, '', '2025-06-19', '08:37:13', 0, '192.168.1.94', ' Found.\r\n'),
(82193, '', '2025-06-19', '08:47:56', 0, '192.168.1.19', '         28-c5-c8-73-d8-5d    '),
(82194, '', '2025-06-19', '08:48:51', 0, '192.168.1.94', ' Found.\r\n'),
(82195, '', '2025-06-19', '08:49:35', 0, '192.168.1.94', ' Found.\r\n'),
(82196, '', '2025-06-19', '08:51:45', 0, '192.168.1.94', ' Found.\r\n'),
(82197, '', '2025-06-19', '08:55:34', 0, '192.168.1.94', ' Found.\r\n'),
(82198, '', '2025-06-19', '08:58:08', 0, '192.168.1.19', '         28-c5-c8-73-d8-5d    '),
(82199, '', '2025-06-19', '09:00:43', 0, '192.168.1.94', ' Found.\r\n'),
(82200, '', '2025-06-19', '09:05:03', 0, '192.168.1.94', ' Found.\r\n'),
(82201, '', '2025-06-19', '09:09:09', 0, '192.168.1.94', ' Found.\r\n'),
(82202, '', '2025-06-19', '09:09:24', 0, '192.168.1.94', ' Found.\r\n'),
(82203, '', '2025-06-19', '09:09:49', 0, '192.168.1.94', ' Found.\r\n'),
(82204, '', '2025-06-19', '09:10:18', 0, '192.168.1.94', ' Found.\r\n'),
(82205, '', '2025-06-19', '09:10:37', 0, '192.168.1.94', ' Found.\r\n'),
(82206, '', '2025-06-19', '09:11:22', 0, '192.168.1.94', ' Found.\r\n'),
(82207, '', '2025-06-19', '09:12:13', 0, '192.168.1.94', ' Found.\r\n'),
(82208, '', '2025-06-19', '09:12:37', 0, '192.168.1.94', ' Found.\r\n'),
(82209, '', '2025-06-19', '09:16:11', 0, '192.168.1.94', ' Found.\r\n'),
(82210, '', '2025-06-19', '09:16:32', 0, '192.168.1.94', ' Found.\r\n'),
(82211, '', '2025-06-19', '09:17:21', 0, '192.168.1.94', ' Found.\r\n'),
(82212, '', '2025-06-19', '09:19:15', 0, '192.168.1.94', ' Found.\r\n'),
(82213, '', '2025-06-19', '09:20:09', 0, '192.168.1.94', ' Found.\r\n'),
(82214, '', '2025-06-19', '09:22:41', 0, '192.168.1.94', ' Found.\r\n'),
(82215, '', '2025-06-19', '09:23:07', 0, '192.168.1.94', ' Found.\r\n'),
(82216, '', '2025-06-19', '09:23:22', 0, '192.168.1.94', ' Found.\r\n'),
(82217, '', '2025-06-19', '09:27:20', 0, '192.168.1.94', ' Found.\r\n'),
(82218, '', '2025-06-19', '09:33:56', 0, '192.168.1.94', ' Found.\r\n'),
(82219, '', '2025-06-19', '09:34:14', 0, '192.168.1.94', ' Found.\r\n'),
(82220, '', '2025-06-19', '09:34:30', 0, '192.168.1.94', ' Found.\r\n'),
(82221, '', '2025-06-19', '09:42:01', 0, '192.168.1.94', ' Found.\r\n'),
(82222, '', '2025-06-19', '09:43:57', 0, '192.168.1.94', ' Found.\r\n'),
(82223, '', '2025-06-19', '09:59:29', 0, '192.168.1.94', ' Found.\r\n'),
(82224, '', '2025-06-19', '09:59:46', 0, '192.168.1.94', ' Found.\r\n'),
(82225, '', '2025-06-19', '10:00:39', 0, '192.168.1.94', ' Found.\r\n'),
(82226, '', '2025-06-19', '10:01:31', 0, '192.168.1.94', ' Found.\r\n'),
(82227, '', '2025-06-19', '10:01:51', 0, '192.168.1.94', ' Found.\r\n'),
(82228, '', '2025-06-19', '10:02:21', 0, '192.168.1.94', ' Found.\r\n'),
(82229, '', '2025-06-19', '10:03:29', 0, '192.168.1.94', ' Found.\r\n'),
(82230, '', '2025-06-19', '10:04:02', 0, '192.168.1.94', ' Found.\r\n'),
(82231, '', '2025-06-19', '10:06:31', 0, '192.168.1.94', ' Found.\r\n'),
(82232, '', '2025-06-19', '10:06:45', 0, '192.168.1.94', ' Found.\r\n'),
(82233, '', '2025-06-19', '10:07:16', 0, '192.168.1.94', ' Found.\r\n'),
(82234, '', '2025-06-19', '10:07:36', 0, '192.168.1.94', ' Found.\r\n'),
(82235, '', '2025-06-19', '10:07:41', 0, '192.168.1.94', ' Found.\r\n'),
(82236, '', '2025-06-19', '10:09:36', 0, '192.168.1.94', ' Found.\r\n'),
(82237, '', '2025-06-19', '10:11:16', 0, '192.168.1.94', ' Found.\r\n'),
(82238, '', '2025-06-19', '10:13:46', 0, '192.168.1.94', ' Found.\r\n'),
(82239, '', '2025-06-19', '10:14:07', 0, '192.168.1.94', ' Found.\r\n'),
(82240, '', '2025-06-19', '10:16:15', 0, '192.168.1.94', ' Found.\r\n'),
(82241, '', '2025-06-19', '10:16:21', 0, '192.168.1.94', ' Found.\r\n'),
(82242, '', '2025-06-19', '10:18:08', 0, '192.168.1.94', ' Found.\r\n'),
(82243, '', '2025-06-19', '10:18:12', 0, '192.168.1.94', ' Found.\r\n'),
(82244, '', '2025-06-19', '10:19:18', 0, '192.168.1.94', ' Found.\r\n'),
(82245, '', '2025-06-19', '10:19:21', 0, '192.168.1.94', ' Found.\r\n'),
(82246, '', '2025-06-19', '10:22:42', 0, '192.168.1.94', ' Found.\r\n'),
(82247, '', '2025-06-19', '10:22:45', 0, '192.168.1.94', ' Found.\r\n'),
(82248, '', '2025-06-19', '10:23:25', 0, '192.168.1.94', ' Found.\r\n'),
(82249, '', '2025-06-19', '10:23:28', 0, '192.168.1.94', ' Found.\r\n'),
(82250, '', '2025-06-19', '10:24:57', 0, '192.168.1.94', ' Found.\r\n'),
(82251, '', '2025-06-19', '10:25:02', 0, '192.168.1.94', ' Found.\r\n'),
(82252, '', '2025-06-19', '10:26:48', 0, '192.168.1.94', ' Found.\r\n'),
(82253, '', '2025-06-19', '10:26:52', 0, '192.168.1.94', ' Found.\r\n'),
(82254, '', '2025-06-19', '10:30:31', 0, '192.168.1.94', ' Found.\r\n'),
(82255, '', '2025-06-19', '10:30:35', 0, '192.168.1.94', ' Found.\r\n'),
(82256, '', '2025-06-19', '10:35:02', 0, '192.168.1.94', ' Found.\r\n'),
(82257, '', '2025-06-19', '10:35:06', 0, '192.168.1.94', ' Found.\r\n'),
(82258, '', '2025-06-19', '10:36:55', 0, '192.168.1.94', ' Found.\r\n'),
(82259, '', '2025-06-19', '10:36:58', 0, '192.168.1.94', ' Found.\r\n'),
(82260, '', '2025-06-19', '10:38:15', 0, '192.168.1.94', ' Found.\r\n'),
(82261, '', '2025-06-19', '10:38:18', 0, '192.168.1.94', ' Found.\r\n'),
(82262, '', '2025-06-19', '10:39:19', 0, '192.168.1.94', ' Found.\r\n'),
(82263, '', '2025-06-19', '10:39:22', 0, '192.168.1.94', ' Found.\r\n'),
(82264, '', '2025-06-19', '10:43:21', 0, '192.168.1.94', ' Found.\r\n'),
(82265, '', '2025-06-19', '10:43:24', 0, '192.168.1.94', ' Found.\r\n'),
(82266, '', '2025-06-19', '10:45:28', 0, '192.168.1.19', '         28-c5-c8-73-d8-5d    '),
(82267, '', '2025-06-19', '11:00:56', 0, '192.168.1.94', ' Found.\r\n'),
(82268, '', '2025-06-19', '11:00:59', 0, '192.168.1.94', ' Found.\r\n'),
(82269, '', '2025-06-19', '11:05:13', 0, '192.168.1.94', ' Found.\r\n'),
(82270, '', '2025-06-19', '11:05:16', 0, '192.168.1.94', ' Found.\r\n'),
(82271, '', '2025-06-19', '11:06:35', 0, '192.168.1.94', ' Found.\r\n'),
(82272, '', '2025-06-19', '11:06:53', 0, '192.168.1.94', ' Found.\r\n'),
(82273, '', '2025-06-19', '11:06:56', 0, '192.168.1.94', ' Found.\r\n'),
(82274, '', '2025-06-19', '11:07:40', 0, '192.168.1.94', ' Found.\r\n'),
(82275, '', '2025-06-19', '11:07:43', 0, '192.168.1.94', ' Found.\r\n'),
(82276, '', '2025-06-19', '11:18:19', 0, '192.168.1.94', ' Found.\r\n'),
(82277, '', '2025-06-19', '11:18:22', 0, '192.168.1.94', ' Found.\r\n'),
(82278, '', '2025-06-19', '11:22:04', 0, '192.168.1.94', ' Found.\r\n'),
(82279, '', '2025-06-19', '11:22:07', 0, '192.168.1.94', ' Found.\r\n'),
(82280, '', '2025-06-19', '11:22:09', 0, '192.168.1.94', ' Found.\r\n'),
(82281, '', '2025-06-19', '11:22:09', 0, '192.168.1.94', ' Found.\r\n'),
(82282, '', '2025-06-19', '11:25:31', 0, '192.168.1.94', ' Found.\r\n'),
(82283, '', '2025-06-19', '11:25:34', 0, '192.168.1.94', ' Found.\r\n'),
(82284, '', '2025-06-19', '11:29:42', 0, '192.168.1.94', ' Found.\r\n'),
(82285, '', '2025-06-19', '11:29:45', 0, '192.168.1.94', ' Found.\r\n'),
(82286, '', '2025-06-19', '11:39:13', 0, '192.168.1.94', ' Found.\r\n'),
(82287, '', '2025-06-19', '11:39:16', 0, '192.168.1.94', ' Found.\r\n'),
(82288, '', '2025-06-19', '13:20:19', 0, '192.168.1.19', '         28-c5-c8-73-d8-5d    '),
(82289, '', '2025-06-19', '13:26:10', 0, '192.168.1.94', ' Found.\r\n'),
(82290, '', '2025-06-19', '13:26:13', 0, '192.168.1.94', ' Found.\r\n'),
(82291, '', '2025-06-19', '13:29:00', 0, '192.168.1.19', '         28-c5-c8-73-d8-5d    '),
(82292, '', '2025-06-19', '13:34:30', 0, '192.168.1.19', '         28-c5-c8-73-d8-5d    '),
(82293, '', '2025-06-19', '13:41:45', 0, '192.168.1.19', '         28-c5-c8-73-d8-5d    '),
(82294, '', '2025-06-19', '13:50:02', 0, '192.168.1.94', ' Found.\r\n'),
(82295, '', '2025-06-19', '13:50:05', 0, '192.168.1.94', ' Found.\r\n'),
(82296, '', '2025-06-19', '13:51:38', 0, '192.168.1.19', '         28-c5-c8-73-d8-5d    '),
(82297, '', '2025-06-19', '13:54:43', 0, '192.168.1.19', '         28-c5-c8-73-d8-5d    '),
(82298, '', '2025-06-19', '14:03:06', 0, '192.168.1.19', '         28-c5-c8-73-d8-5d    '),
(82299, '', '2025-06-19', '14:04:17', 0, '192.168.1.94', ' Found.\r\n'),
(82300, '', '2025-06-19', '14:04:21', 0, '192.168.1.94', ' Found.\r\n'),
(82301, '', '2025-06-19', '14:07:15', 0, '192.168.1.94', ' Found.\r\n'),
(82302, '', '2025-06-19', '14:07:18', 0, '192.168.1.94', ' Found.\r\n'),
(82303, '', '2025-06-19', '14:09:01', 0, '192.168.1.19', '         28-c5-c8-73-d8-5d    '),
(82304, '', '2025-06-19', '14:11:33', 0, '192.168.1.94', ' Found.\r\n'),
(82305, '', '2025-06-19', '14:11:37', 0, '192.168.1.94', ' Found.\r\n'),
(82306, '', '2025-06-19', '14:15:48', 0, '192.168.1.94', ' Found.\r\n'),
(82307, '', '2025-06-19', '14:15:51', 0, '192.168.1.94', ' Found.\r\n'),
(82308, '', '2025-06-19', '14:23:37', 0, '192.168.1.94', ' Found.\r\n'),
(82309, '', '2025-06-19', '14:23:40', 0, '192.168.1.94', ' Found.\r\n'),
(82310, '', '2025-06-19', '14:24:37', 0, '192.168.1.94', ' Found.\r\n'),
(82311, '', '2025-06-19', '14:24:40', 0, '192.168.1.94', ' Found.\r\n'),
(82312, '', '2025-06-19', '14:27:53', 0, '192.168.1.94', ' Found.\r\n'),
(82313, '', '2025-06-19', '14:27:56', 0, '192.168.1.94', ' Found.\r\n'),
(82314, '', '2025-06-19', '14:35:29', 0, '192.168.1.94', ' Found.\r\n'),
(82315, '', '2025-06-19', '14:35:43', 0, '192.168.1.94', ' Found.\r\n'),
(82316, '', '2025-06-19', '14:37:37', 0, '192.168.1.94', ' Found.\r\n'),
(82317, '', '2025-06-19', '14:38:33', 0, '192.168.1.94', ' Found.\r\n'),
(82318, '', '2025-06-19', '14:38:37', 0, '192.168.1.94', ' Found.\r\n'),
(82319, '', '2025-06-19', '14:38:50', 0, '192.168.1.94', ' Found.\r\n'),
(82320, '', '2025-06-19', '14:38:53', 0, '192.168.1.94', ' Found.\r\n'),
(82321, '', '2025-06-19', '14:43:35', 0, '192.168.1.94', ' Found.\r\n'),
(82322, '', '2025-06-19', '14:44:06', 0, '192.168.1.94', ' Found.\r\n'),
(82323, '', '2025-06-19', '14:44:42', 0, '192.168.1.94', ' Found.\r\n'),
(82324, '', '2025-06-19', '14:44:44', 0, '192.168.1.94', ' Found.\r\n'),
(82325, '', '2025-06-19', '14:53:35', 0, '192.168.1.94', ' Found.\r\n'),
(82326, '', '2025-06-19', '14:53:38', 0, '192.168.1.94', ' Found.\r\n'),
(82327, '', '2025-06-19', '14:54:39', 0, '192.168.1.94', ' Found.\r\n'),
(82328, '', '2025-06-19', '14:54:44', 0, '192.168.1.94', ' Found.\r\n'),
(82329, '', '2025-06-19', '14:57:45', 0, '192.168.1.19', '         28-c5-c8-73-d8-5d    '),
(82330, '', '2025-06-19', '15:05:05', 0, '192.168.1.94', ' Found.\r\n'),
(82331, '', '2025-06-19', '15:05:10', 0, '192.168.1.94', ' Found.\r\n'),
(82332, '', '2025-06-19', '15:08:33', 0, '192.168.1.94', ' Found.\r\n'),
(82333, '', '2025-06-19', '15:08:36', 0, '192.168.1.94', ' Found.\r\n'),
(82334, '', '2025-06-19', '15:09:04', 0, '192.168.1.94', ' Found.\r\n'),
(82335, '', '2025-06-19', '15:09:25', 0, '192.168.1.94', ' Found.\r\n'),
(82336, '', '2025-06-19', '15:13:20', 0, '192.168.1.94', ' Found.\r\n'),
(82337, '', '2025-06-19', '15:13:24', 0, '192.168.1.94', ' Found.\r\n'),
(82338, '', '2025-06-19', '15:14:29', 0, '192.168.1.94', ' Found.\r\n'),
(82339, '', '2025-06-19', '15:14:34', 0, '192.168.1.94', ' Found.\r\n'),
(82340, '', '2025-06-19', '15:41:20', 0, '192.168.1.94', ' Found.\r\n'),
(82341, '', '2025-06-19', '15:41:24', 0, '192.168.1.94', ' Found.\r\n'),
(82342, '', '2025-06-20', '08:19:35', 0, '192.168.1.19', '         28-c5-c8-73-d8-5d    '),
(82343, '', '2025-06-20', '08:24:32', 0, '192.168.1.19', '         28-c5-c8-73-d8-5d    '),
(82344, '', '2025-06-20', '08:35:42', 0, '192.168.1.19', '         28-c5-c8-73-d8-5d    '),
(82345, '', '2025-06-20', '08:54:01', 0, '192.168.1.19', '         28-c5-c8-73-d8-5d    '),
(82346, '', '2025-06-20', '08:58:23', 0, '192.168.1.19', '         28-c5-c8-73-d8-5d    '),
(82347, '', '2025-06-20', '08:58:37', 0, '192.168.1.19', '         28-c5-c8-73-d8-5d    '),
(82348, '', '2025-06-20', '09:26:24', 0, '192.168.1.19', '         28-c5-c8-73-d8-5d    '),
(82349, '', '2025-06-20', '09:33:52', 0, '192.168.1.19', '         28-c5-c8-73-d8-5d    '),
(82350, '', '2025-06-20', '09:35:26', 0, '192.168.1.19', '         28-c5-c8-73-d8-5d    '),
(82351, '', '2025-06-20', '09:54:24', 0, '192.168.1.94', ' Found.\r\n'),
(82352, '', '2025-06-20', '09:54:28', 0, '192.168.1.94', ' Found.\r\n'),
(82353, '', '2025-06-20', '09:57:01', 0, '192.168.1.94', ' Found.\r\n'),
(82354, '', '2025-06-20', '09:57:04', 0, '192.168.1.94', ' Found.\r\n'),
(82355, '', '2025-06-20', '10:12:23', 0, '192.168.1.19', '         28-c5-c8-73-d8-5d    '),
(82356, '', '2025-06-20', '10:13:50', 0, '192.168.1.94', ' Found.\r\n'),
(82357, '', '2025-06-20', '10:13:54', 0, '192.168.1.94', ' Found.\r\n'),
(82358, '', '2025-06-20', '10:28:04', 0, '192.168.1.94', ' Found.\r\n'),
(82359, '', '2025-06-20', '10:28:09', 0, '192.168.1.94', ' Found.\r\n'),
(82360, '', '2025-06-20', '10:34:40', 0, '192.168.1.94', ' Found.\r\n'),
(82361, '', '2025-06-20', '10:34:44', 0, '192.168.1.94', ' Found.\r\n'),
(82362, '', '2025-06-20', '10:37:18', 0, '192.168.1.94', ' Found.\r\n'),
(82363, '', '2025-06-20', '10:37:22', 0, '192.168.1.94', ' Found.\r\n'),
(82364, '', '2025-06-20', '10:43:18', 0, '192.168.1.94', ' Found.\r\n'),
(82365, '', '2025-06-20', '10:43:21', 0, '192.168.1.94', ' Found.\r\n'),
(82366, '', '2025-06-20', '10:43:50', 0, '192.168.1.94', ' Found.\r\n'),
(82367, '', '2025-06-20', '10:43:58', 0, '192.168.1.94', ' Found.\r\n'),
(82368, '', '2025-06-20', '10:45:51', 0, '192.168.1.94', ' Found.\r\n'),
(82369, '', '2025-06-20', '10:45:55', 0, '192.168.1.94', ' Found.\r\n'),
(82370, '', '2025-06-20', '10:56:30', 0, '192.168.1.94', ' Found.\r\n'),
(82371, '', '2025-06-20', '10:56:33', 0, '192.168.1.94', ' Found.\r\n'),
(82372, '', '2025-06-20', '10:57:40', 0, '192.168.1.94', ' Found.\r\n'),
(82373, '', '2025-06-20', '10:57:43', 0, '192.168.1.94', ' Found.\r\n'),
(82374, '', '2025-06-20', '11:00:15', 0, '192.168.1.94', ' Found.\r\n'),
(82375, '', '2025-06-20', '11:00:20', 0, '192.168.1.94', ' Found.\r\n'),
(82376, '', '2025-06-20', '11:01:03', 0, '192.168.1.94', ' Found.\r\n'),
(82377, '', '2025-06-20', '11:01:06', 0, '192.168.1.94', ' Found.\r\n'),
(82378, '', '2025-06-20', '11:03:59', 0, '192.168.1.94', ' Found.\r\n'),
(82379, '', '2025-06-20', '11:04:03', 0, '192.168.1.94', ' Found.\r\n'),
(82380, '', '2025-06-20', '11:06:15', 0, '192.168.1.94', ' Found.\r\n'),
(82381, '', '2025-06-20', '11:06:17', 0, '192.168.1.94', ' Found.\r\n'),
(82382, '', '2025-06-20', '11:06:45', 0, '192.168.1.19', '         28-c5-c8-73-d8-5d    '),
(82383, '', '2025-06-20', '11:06:53', 0, '192.168.1.94', ' Found.\r\n'),
(82384, '', '2025-06-20', '11:06:57', 0, '192.168.1.94', ' Found.\r\n'),
(82385, '', '2025-06-20', '11:07:32', 0, '192.168.1.94', ' Found.\r\n'),
(82386, '', '2025-06-20', '11:07:35', 0, '192.168.1.94', ' Found.\r\n'),
(82387, '', '2025-06-20', '11:07:59', 0, '192.168.1.94', ' Found.\r\n'),
(82388, '', '2025-06-20', '11:08:00', 0, '192.168.1.19', '         28-c5-c8-73-d8-5d    '),
(82389, '', '2025-06-20', '11:08:02', 0, '192.168.1.94', ' Found.\r\n'),
(82390, '', '2025-06-20', '11:10:52', 0, '192.168.1.94', ' Found.\r\n'),
(82391, '', '2025-06-20', '11:10:55', 0, '192.168.1.94', ' Found.\r\n'),
(82392, '', '2025-06-20', '11:11:12', 0, '192.168.1.19', '         28-c5-c8-73-d8-5d    '),
(82393, '', '2025-06-20', '11:14:31', 0, '192.168.1.94', ' Found.\r\n'),
(82394, '', '2025-06-20', '11:14:33', 0, '192.168.1.94', ' Found.\r\n'),
(82395, '', '2025-06-20', '11:17:30', 0, '192.168.1.94', ' Found.\r\n'),
(82396, '', '2025-06-20', '11:17:32', 0, '192.168.1.94', ' Found.\r\n'),
(82397, '', '2025-06-20', '11:17:45', 0, '192.168.1.19', '         28-c5-c8-73-d8-5d    '),
(82398, '', '2025-06-20', '11:17:54', 0, '192.168.1.94', ' Found.\r\n'),
(82399, '', '2025-06-20', '11:17:57', 0, '192.168.1.94', ' Found.\r\n'),
(82400, '', '2025-06-20', '11:19:00', 0, '192.168.1.94', ' Found.\r\n'),
(82401, '', '2025-06-20', '11:19:03', 0, '192.168.1.94', ' Found.\r\n'),
(82402, '', '2025-06-20', '11:22:05', 0, '192.168.1.94', ' Found.\r\n'),
(82403, '', '2025-06-20', '11:22:08', 0, '192.168.1.94', ' Found.\r\n'),
(82404, '', '2025-06-20', '11:22:41', 0, '192.168.1.19', '         28-c5-c8-73-d8-5d    '),
(82405, '', '2025-06-20', '11:27:20', 0, '192.168.1.94', ' Found.\r\n'),
(82406, '', '2025-06-20', '11:27:23', 0, '192.168.1.94', ' Found.\r\n'),
(82407, '', '2025-06-20', '11:27:29', 0, '192.168.1.94', ' Found.\r\n');
INSERT INTO `log` (`ID`, `UserID`, `LoginDate`, `LoginTime`, `State`, `Ip`, `Mac`) VALUES
(82408, '', '2025-06-20', '11:27:35', 0, '192.168.1.94', ' Found.\r\n'),
(82409, '', '2025-06-20', '11:29:23', 0, '192.168.1.94', ' Found.\r\n'),
(82410, '', '2025-06-20', '11:29:26', 0, '192.168.1.94', ' Found.\r\n'),
(82411, '', '2025-06-20', '11:29:34', 0, '192.168.1.94', ' Found.\r\n'),
(82412, '', '2025-06-20', '11:29:47', 0, '192.168.1.94', ' Found.\r\n'),
(82413, '', '2025-06-20', '11:29:56', 0, '192.168.1.94', ' Found.\r\n'),
(82414, '', '2025-06-20', '11:30:01', 0, '192.168.1.94', ' Found.\r\n'),
(82415, '', '2025-06-20', '11:31:11', 0, '192.168.1.94', ' Found.\r\n'),
(82416, '', '2025-06-20', '11:31:14', 0, '192.168.1.94', ' Found.\r\n'),
(82417, '', '2025-06-20', '11:31:19', 0, '192.168.1.94', ' Found.\r\n'),
(82418, '', '2025-06-20', '11:31:23', 0, '192.168.1.94', ' Found.\r\n'),
(82419, '', '2025-06-20', '11:34:26', 0, '192.168.1.94', ' Found.\r\n'),
(82420, '', '2025-06-20', '11:34:29', 0, '192.168.1.94', ' Found.\r\n'),
(82421, '', '2025-06-20', '11:34:36', 0, '192.168.1.94', ' Found.\r\n'),
(82422, '', '2025-06-20', '11:34:56', 0, '192.168.1.94', ' Found.\r\n'),
(82423, '', '2025-06-20', '11:34:59', 0, '192.168.1.94', ' Found.\r\n'),
(82424, '', '2025-06-20', '11:35:05', 0, '192.168.1.94', ' Found.\r\n'),
(82425, '', '2025-06-20', '11:35:10', 0, '192.168.1.94', ' Found.\r\n'),
(82426, '', '2025-06-20', '11:35:10', 0, '192.168.1.19', '         28-c5-c8-73-d8-5d    '),
(82427, '', '2025-06-20', '11:35:24', 0, '192.168.1.94', ' Found.\r\n'),
(82428, '', '2025-06-20', '11:35:59', 0, '192.168.1.94', ' Found.\r\n'),
(82429, '', '2025-06-20', '11:36:04', 0, '192.168.1.94', ' Found.\r\n'),
(82430, '', '2025-06-20', '11:36:27', 0, '192.168.1.19', '         28-c5-c8-73-d8-5d    '),
(82431, '', '2025-06-20', '11:37:49', 0, '192.168.1.94', ' Found.\r\n'),
(82432, '', '2025-06-20', '11:37:52', 0, '192.168.1.94', ' Found.\r\n'),
(82433, '', '2025-06-20', '11:37:56', 0, '192.168.1.94', ' Found.\r\n'),
(82434, '', '2025-06-20', '11:40:13', 0, '192.168.1.94', ' Found.\r\n'),
(82435, '', '2025-06-20', '11:40:16', 0, '192.168.1.94', ' Found.\r\n'),
(82436, '', '2025-06-20', '11:40:26', 0, '192.168.1.94', ' Found.\r\n'),
(82437, '', '2025-06-20', '11:40:47', 0, '192.168.1.94', ' Found.\r\n'),
(82438, '', '2025-06-20', '11:40:50', 0, '192.168.1.94', ' Found.\r\n'),
(82439, '', '2025-06-20', '11:41:16', 0, '192.168.1.94', ' Found.\r\n'),
(82440, '', '2025-06-20', '11:46:32', 0, '192.168.1.94', ' Found.\r\n'),
(82441, '', '2025-06-20', '11:46:35', 0, '192.168.1.94', ' Found.\r\n'),
(82442, '', '2025-06-20', '11:46:46', 0, '192.168.1.94', ' Found.\r\n'),
(82443, '', '2025-06-20', '11:50:18', 0, '192.168.1.94', ' Found.\r\n'),
(82444, '', '2025-06-20', '11:50:22', 0, '192.168.1.94', ' Found.\r\n'),
(82445, '', '2025-06-20', '11:50:41', 0, '192.168.1.94', ' Found.\r\n'),
(82446, '', '2025-06-20', '11:50:45', 0, '192.168.1.94', ' Found.\r\n'),
(82447, '', '2025-06-20', '11:51:15', 0, '192.168.1.94', ' Found.\r\n'),
(82448, '', '2025-06-20', '11:51:18', 0, '192.168.1.94', ' Found.\r\n'),
(82449, '', '2025-06-20', '11:51:23', 0, '192.168.1.94', ' Found.\r\n'),
(82450, '', '2025-06-20', '11:51:28', 0, '192.168.1.94', ' Found.\r\n'),
(82451, '', '2025-06-20', '11:51:33', 0, '192.168.1.94', ' Found.\r\n'),
(82452, '', '2025-06-20', '11:51:47', 0, '192.168.1.94', ' Found.\r\n'),
(82453, '', '2025-06-20', '11:51:51', 0, '192.168.1.94', ' Found.\r\n'),
(82454, '', '2025-06-20', '11:51:57', 0, '192.168.1.94', ' Found.\r\n'),
(82455, '', '2025-06-20', '11:52:01', 0, '192.168.1.19', '         28-c5-c8-73-d8-5d    '),
(82456, '', '2025-06-20', '11:53:33', 0, '192.168.1.94', ' Found.\r\n'),
(82457, '', '2025-06-20', '11:53:36', 0, '192.168.1.94', ' Found.\r\n'),
(82458, '', '2025-06-20', '11:53:47', 0, '192.168.1.94', ' Found.\r\n'),
(82459, '', '2025-06-20', '11:55:40', 0, '192.168.1.94', ' Found.\r\n'),
(82460, '', '2025-06-20', '11:55:43', 0, '192.168.1.94', ' Found.\r\n'),
(82461, '', '2025-06-20', '11:55:47', 0, '192.168.1.94', ' Found.\r\n'),
(82462, '', '2025-06-20', '11:55:57', 0, '192.168.1.19', '         28-c5-c8-73-d8-5d    '),
(82463, '', '2025-06-20', '11:58:00', 0, '192.168.1.94', ' Found.\r\n'),
(82464, '', '2025-06-20', '11:58:04', 0, '192.168.1.94', ' Found.\r\n'),
(82465, '', '2025-06-20', '11:58:20', 0, '192.168.1.94', ' Found.\r\n'),
(82466, '', '2025-06-20', '11:58:23', 0, '192.168.1.94', ' Found.\r\n'),
(82467, '', '2025-06-20', '11:58:39', 0, '192.168.1.94', ' Found.\r\n'),
(82468, '', '2025-06-20', '11:58:53', 0, '192.168.1.94', ' Found.\r\n'),
(82469, '', '2025-06-20', '12:01:31', 0, '192.168.1.94', ' Found.\r\n'),
(82470, '', '2025-06-20', '12:01:34', 0, '192.168.1.94', ' Found.\r\n'),
(82471, '', '2025-06-20', '12:02:55', 0, '192.168.1.94', ' Found.\r\n'),
(82472, '', '2025-06-20', '12:02:58', 0, '192.168.1.94', ' Found.\r\n'),
(82473, '', '2025-06-20', '13:13:18', 0, '192.168.1.94', ' Found.\r\n'),
(82474, '', '2025-06-20', '13:13:26', 0, '192.168.1.94', ' Found.\r\n'),
(82475, '', '2025-06-20', '13:13:46', 0, '192.168.1.94', ' Found.\r\n'),
(82476, '', '2025-06-20', '13:17:34', 0, '192.168.1.94', ' Found.\r\n'),
(82477, '', '2025-06-20', '13:17:37', 0, '192.168.1.94', ' Found.\r\n'),
(82478, '', '2025-06-20', '13:19:27', 0, '192.168.1.94', ' Found.\r\n'),
(82479, '', '2025-06-20', '13:19:29', 0, '192.168.1.94', ' Found.\r\n'),
(82480, '', '2025-06-20', '13:31:56', 0, '192.168.1.19', '         28-c5-c8-73-d8-5d    '),
(82481, '', '2025-06-20', '13:38:58', 0, '192.168.1.94', ' Found.\r\n'),
(82482, '', '2025-06-20', '13:39:02', 0, '192.168.1.94', ' Found.\r\n'),
(82483, '', '2025-06-20', '13:40:13', 0, '192.168.1.94', ' Found.\r\n'),
(82484, '', '2025-06-20', '13:40:17', 0, '192.168.1.94', ' Found.\r\n'),
(82485, '', '2025-06-20', '13:42:02', 0, '192.168.1.94', ' Found.\r\n'),
(82486, '', '2025-06-20', '13:42:06', 0, '192.168.1.94', ' Found.\r\n'),
(82487, '', '2025-06-20', '13:43:16', 0, '192.168.1.94', ' Found.\r\n'),
(82488, '', '2025-06-20', '13:43:19', 0, '192.168.1.94', ' Found.\r\n'),
(82489, '', '2025-06-20', '13:46:01', 0, '192.168.1.94', ' Found.\r\n'),
(82490, '', '2025-06-20', '13:46:05', 0, '192.168.1.94', ' Found.\r\n'),
(82491, '', '2025-06-20', '13:46:09', 0, '192.168.1.94', ' Found.\r\n'),
(82492, '', '2025-06-20', '13:50:31', 0, '192.168.1.94', ' Found.\r\n'),
(82493, '', '2025-06-20', '13:50:34', 0, '192.168.1.94', ' Found.\r\n'),
(82494, '', '2025-06-20', '13:59:49', 0, '192.168.1.94', ' Found.\r\n'),
(82495, '', '2025-06-20', '13:59:51', 0, '192.168.1.94', ' Found.\r\n'),
(82496, '', '2025-06-20', '14:00:06', 0, '192.168.1.94', ' Found.\r\n'),
(82497, '', '2025-06-20', '14:00:10', 0, '192.168.1.94', ' Found.\r\n'),
(82498, '', '2025-06-20', '14:00:28', 0, '192.168.1.94', ' Found.\r\n'),
(82499, '', '2025-06-20', '14:00:32', 0, '192.168.1.94', ' Found.\r\n'),
(82500, '', '2025-06-20', '14:00:50', 0, '192.168.1.94', ' Found.\r\n'),
(82501, '', '2025-06-20', '14:00:53', 0, '192.168.1.94', ' Found.\r\n'),
(82502, '', '2025-06-20', '14:01:12', 0, '192.168.1.94', ' Found.\r\n'),
(82503, '', '2025-06-20', '14:01:15', 0, '192.168.1.94', ' Found.\r\n'),
(82504, '', '2025-06-20', '14:04:21', 0, '192.168.1.94', ' Found.\r\n'),
(82505, '', '2025-06-20', '14:04:24', 0, '192.168.1.94', ' Found.\r\n'),
(82506, '', '2025-06-20', '14:04:39', 0, '192.168.1.94', ' Found.\r\n'),
(82507, '', '2025-06-20', '14:04:42', 0, '192.168.1.94', ' Found.\r\n'),
(82508, '', '2025-06-20', '14:04:48', 0, '192.168.1.94', ' Found.\r\n'),
(82509, '', '2025-06-20', '14:05:13', 0, '192.168.1.94', ' Found.\r\n'),
(82510, '', '2025-06-20', '14:05:16', 0, '192.168.1.94', ' Found.\r\n'),
(82511, '', '2025-06-20', '14:06:08', 0, '192.168.1.94', ' Found.\r\n'),
(82512, '', '2025-06-20', '14:06:11', 0, '192.168.1.94', ' Found.\r\n'),
(82513, '', '2025-06-20', '14:06:18', 0, '192.168.1.94', ' Found.\r\n'),
(82514, '', '2025-06-20', '14:09:47', 0, '192.168.1.94', ' Found.\r\n'),
(82515, '', '2025-06-20', '14:09:49', 0, '192.168.1.94', ' Found.\r\n'),
(82516, '', '2025-06-20', '14:09:55', 0, '192.168.1.94', ' Found.\r\n'),
(82517, '', '2025-06-20', '14:14:55', 0, '192.168.1.94', ' Found.\r\n'),
(82518, '', '2025-06-20', '14:15:03', 0, '192.168.1.94', ' Found.\r\n'),
(82519, '', '2025-06-20', '14:17:49', 0, '192.168.1.94', ' Found.\r\n'),
(82520, '', '2025-06-20', '14:17:52', 0, '192.168.1.94', ' Found.\r\n'),
(82521, '', '2025-06-20', '14:17:57', 0, '192.168.1.94', ' Found.\r\n'),
(82522, '', '2025-06-20', '14:18:04', 0, '192.168.1.94', ' Found.\r\n'),
(82523, '', '2025-06-20', '14:18:32', 0, '192.168.1.94', ' Found.\r\n'),
(82524, '', '2025-06-20', '14:18:35', 0, '192.168.1.94', ' Found.\r\n'),
(82525, '', '2025-06-20', '14:18:39', 0, '192.168.1.94', ' Found.\r\n'),
(82526, '', '2025-06-20', '14:19:05', 0, '192.168.1.94', ' Found.\r\n'),
(82527, '', '2025-06-20', '14:19:07', 0, '192.168.1.94', ' Found.\r\n'),
(82528, '', '2025-06-20', '14:20:34', 0, '192.168.1.94', ' Found.\r\n'),
(82529, '', '2025-06-20', '14:20:36', 0, '192.168.1.94', ' Found.\r\n'),
(82530, '', '2025-06-20', '14:20:42', 0, '192.168.1.94', ' Found.\r\n'),
(82531, '', '2025-06-20', '14:20:52', 0, '192.168.1.94', ' Found.\r\n'),
(82532, '', '2025-06-20', '14:26:48', 0, '192.168.1.19', '         28-c5-c8-73-d8-5d    '),
(82533, '', '2025-06-20', '14:29:27', 0, '192.168.1.19', '         28-c5-c8-73-d8-5d    '),
(82534, '', '2025-06-20', '14:30:03', 0, '192.168.1.94', ' Found.\r\n'),
(82535, '', '2025-06-20', '14:30:07', 0, '192.168.1.94', ' Found.\r\n'),
(82536, '', '2025-06-20', '14:30:18', 0, '192.168.1.94', ' Found.\r\n'),
(82537, '', '2025-06-20', '14:35:26', 0, '192.168.1.94', ' Found.\r\n'),
(82538, '', '2025-06-20', '14:35:29', 0, '192.168.1.94', ' Found.\r\n'),
(82539, '', '2025-06-20', '14:37:27', 0, '192.168.1.94', ' Found.\r\n'),
(82540, '', '2025-06-20', '14:37:31', 0, '192.168.1.94', ' Found.\r\n'),
(82541, '', '2025-06-20', '14:40:26', 0, '192.168.1.94', ' Found.\r\n'),
(82542, '', '2025-06-20', '14:40:28', 0, '192.168.1.94', ' Found.\r\n'),
(82543, '', '2025-06-20', '14:44:03', 0, '192.168.1.94', ' Found.\r\n'),
(82544, '', '2025-06-20', '14:44:06', 0, '192.168.1.94', ' Found.\r\n'),
(82545, '', '2025-06-20', '14:44:56', 0, '192.168.1.94', ' Found.\r\n'),
(82546, '', '2025-06-20', '14:44:59', 0, '192.168.1.94', ' Found.\r\n'),
(82547, '', '2025-06-20', '14:45:03', 0, '192.168.1.94', ' Found.\r\n'),
(82548, '', '2025-06-20', '14:45:40', 0, '192.168.1.94', ' Found.\r\n'),
(82549, '', '2025-06-20', '14:45:43', 0, '192.168.1.94', ' Found.\r\n'),
(82550, '', '2025-06-20', '14:46:33', 0, '192.168.1.94', ' Found.\r\n'),
(82551, '', '2025-06-20', '14:47:52', 0, '192.168.1.94', ' Found.\r\n'),
(82552, '', '2025-06-20', '14:47:55', 0, '192.168.1.94', ' Found.\r\n'),
(82553, '', '2025-06-20', '14:49:31', 0, '192.168.1.94', ' Found.\r\n'),
(82554, '', '2025-06-20', '14:49:34', 0, '192.168.1.94', ' Found.\r\n'),
(82555, '', '2025-06-20', '14:50:31', 0, '192.168.1.94', ' Found.\r\n'),
(82556, '', '2025-06-20', '14:50:33', 0, '192.168.1.94', ' Found.\r\n'),
(82557, '', '2025-06-20', '14:53:13', 0, '192.168.1.94', ' Found.\r\n'),
(82558, '', '2025-06-20', '14:53:15', 0, '192.168.1.94', ' Found.\r\n'),
(82559, '', '2025-06-20', '14:56:41', 0, '192.168.1.94', ' Found.\r\n'),
(82560, '', '2025-06-20', '14:56:44', 0, '192.168.1.94', ' Found.\r\n'),
(82561, '', '2025-06-20', '14:57:19', 0, '192.168.1.94', ' Found.\r\n'),
(82562, '', '2025-06-20', '14:57:22', 0, '192.168.1.94', ' Found.\r\n'),
(82563, '', '2025-06-20', '15:00:38', 0, '192.168.1.94', ' Found.\r\n'),
(82564, '', '2025-06-20', '15:00:41', 0, '192.168.1.94', ' Found.\r\n'),
(82565, '', '2025-06-20', '15:01:19', 0, '192.168.1.94', ' Found.\r\n'),
(82566, '', '2025-06-20', '15:01:23', 0, '192.168.1.94', ' Found.\r\n'),
(82567, '', '2025-06-20', '15:02:26', 0, '192.168.1.94', ' Found.\r\n'),
(82568, '', '2025-06-20', '15:02:29', 0, '192.168.1.94', ' Found.\r\n'),
(82569, '', '2025-06-20', '15:04:16', 0, '192.168.1.94', ' Found.\r\n'),
(82570, '', '2025-06-20', '15:04:19', 0, '192.168.1.94', ' Found.\r\n'),
(82571, '', '2025-06-20', '15:06:54', 0, '192.168.1.94', ' Found.\r\n'),
(82572, '', '2025-06-20', '15:06:56', 0, '192.168.1.94', ' Found.\r\n'),
(82573, '', '2025-06-20', '15:07:09', 0, '192.168.1.94', ' Found.\r\n'),
(82574, '', '2025-06-20', '15:08:07', 0, '192.168.1.94', ' Found.\r\n'),
(82575, '', '2025-06-20', '15:08:10', 0, '192.168.1.94', ' Found.\r\n'),
(82576, '', '2025-06-20', '15:08:54', 0, '192.168.1.94', ' Found.\r\n'),
(82577, '', '2025-06-20', '15:14:44', 0, '192.168.1.94', ' Found.\r\n'),
(82578, '', '2025-06-20', '15:14:47', 0, '192.168.1.94', ' Found.\r\n'),
(82579, '', '2025-06-20', '15:14:51', 0, '192.168.1.94', ' Found.\r\n'),
(82580, '', '2025-06-20', '15:18:38', 0, '192.168.1.94', ' Found.\r\n'),
(82581, '', '2025-06-20', '15:20:05', 0, '192.168.1.94', ' Found.\r\n'),
(82582, '', '2025-06-20', '15:20:08', 0, '192.168.1.94', ' Found.\r\n'),
(82583, '', '2025-06-20', '15:21:14', 0, '192.168.1.94', ' Found.\r\n'),
(82584, '', '2025-06-20', '15:21:56', 0, '192.168.1.94', ' Found.\r\n'),
(82585, '', '2025-06-20', '15:23:57', 0, '192.168.1.94', ' Found.\r\n'),
(82586, '', '2025-06-20', '15:24:00', 0, '192.168.1.94', ' Found.\r\n'),
(82587, '', '2025-06-20', '15:29:38', 0, '192.168.1.94', ' Found.\r\n'),
(82588, '', '2025-06-20', '15:30:05', 0, '192.168.1.94', ' Found.\r\n'),
(82589, '', '2025-06-20', '15:31:57', 0, '192.168.1.94', ' Found.\r\n'),
(82590, '', '2025-06-20', '15:31:59', 0, '192.168.1.94', ' Found.\r\n'),
(82591, '', '2025-06-20', '15:35:15', 0, '192.168.1.94', ' Found.\r\n'),
(82592, '', '2025-06-20', '15:35:18', 0, '192.168.1.94', ' Found.\r\n'),
(82593, '', '2025-06-20', '15:42:39', 0, '192.168.1.94', ' Found.\r\n'),
(82594, '', '2025-06-20', '15:42:41', 0, '192.168.1.94', ' Found.\r\n'),
(82595, '', '2025-06-20', '15:46:34', 0, '192.168.1.94', ' Found.\r\n'),
(82596, '', '2025-06-20', '15:46:37', 0, '192.168.1.94', ' Found.\r\n'),
(82597, '', '2025-06-20', '15:46:47', 0, '192.168.1.94', ' Found.\r\n'),
(82598, '', '2025-06-20', '15:46:50', 0, '192.168.1.94', ' Found.\r\n'),
(82599, '', '2025-06-20', '15:48:37', 0, '192.168.1.94', ' Found.\r\n'),
(82600, '', '2025-06-20', '15:48:40', 0, '192.168.1.94', ' Found.\r\n'),
(82601, '', '2025-06-20', '15:49:21', 0, '192.168.1.94', ' Found.\r\n'),
(82602, '', '2025-06-20', '15:51:36', 0, '192.168.1.94', ' Found.\r\n'),
(82603, '', '2025-06-20', '15:51:39', 0, '192.168.1.94', ' Found.\r\n'),
(82604, '', '2025-06-20', '15:56:20', 0, '192.168.1.94', ' Found.\r\n'),
(82605, '', '2025-06-20', '15:56:22', 0, '192.168.1.94', ' Found.\r\n'),
(82606, '', '2025-06-20', '15:59:37', 0, '192.168.1.94', ' Found.\r\n'),
(82607, '', '2025-06-20', '15:59:40', 0, '192.168.1.94', ' Found.\r\n'),
(82608, '', '2025-06-20', '16:01:19', 0, '192.168.1.94', ' Found.\r\n'),
(82609, '', '2025-06-20', '16:01:22', 0, '192.168.1.94', ' Found.\r\n'),
(82610, '', '2025-06-20', '16:02:02', 0, '192.168.1.94', ' Found.\r\n'),
(82611, '', '2025-06-20', '16:02:05', 0, '192.168.1.94', ' Found.\r\n'),
(82612, '', '2025-06-20', '16:02:20', 0, '192.168.1.94', ' Found.\r\n'),
(82613, '', '2025-06-20', '16:03:54', 0, '192.168.1.94', ' Found.\r\n'),
(82614, '', '2025-06-20', '16:03:56', 0, '192.168.1.94', ' Found.\r\n'),
(82615, '', '2025-06-20', '16:04:27', 0, '192.168.1.94', ' Found.\r\n'),
(82616, '', '2025-06-20', '16:04:56', 0, '192.168.1.94', ' Found.\r\n'),
(82617, '', '2025-06-20', '16:04:59', 0, '192.168.1.94', ' Found.\r\n'),
(82618, '', '2025-06-20', '16:05:23', 0, '192.168.1.94', ' Found.\r\n'),
(82619, '', '2025-06-20', '16:06:07', 0, '192.168.1.19', '         28-c5-c8-73-d8-5d    '),
(82620, '', '2025-06-20', '16:20:21', 0, '192.168.1.19', '         28-c5-c8-73-d8-5d    '),
(82621, '', '2025-06-20', '16:24:18', 0, '192.168.1.19', '         28-c5-c8-73-d8-5d    '),
(82622, '', '2025-06-20', '16:26:14', 0, '192.168.1.19', '         28-c5-c8-73-d8-5d    '),
(82623, '', '2025-06-20', '16:26:18', 0, '192.168.1.19', '         28-c5-c8-73-d8-5d    '),
(82624, '', '2025-06-20', '16:26:21', 0, '192.168.1.19', '         28-c5-c8-73-d8-5d    '),
(82625, '', '2025-06-20', '16:26:23', 0, '192.168.1.19', '         28-c5-c8-73-d8-5d    '),
(82626, '', '2025-06-20', '16:27:28', 0, '192.168.1.19', '         28-c5-c8-73-d8-5d    '),
(82627, '', '2025-06-20', '16:31:56', 0, '192.168.1.19', '         28-c5-c8-73-d8-5d    '),
(82628, '', '2025-06-20', '16:36:03', 0, '192.168.1.19', '         28-c5-c8-73-d8-5d    '),
(82629, '', '2025-06-23', '08:57:47', 0, '192.168.1.94', ' Found.\r\n'),
(82630, '', '2025-06-23', '08:57:50', 0, '192.168.1.94', ' Found.\r\n'),
(82631, '', '2025-06-23', '08:58:10', 0, '192.168.1.94', ' Found.\r\n'),
(82632, '', '2025-06-23', '09:02:10', 0, '192.168.1.94', ' Found.\r\n'),
(82633, '', '2025-06-23', '09:02:23', 0, '192.168.1.94', ' Found.\r\n'),
(82634, '', '2025-06-23', '09:02:26', 0, '192.168.1.94', ' Found.\r\n'),
(82635, '', '2025-06-23', '09:03:54', 0, '192.168.1.94', ' Found.\r\n'),
(82636, '', '2025-06-23', '09:03:57', 0, '192.168.1.94', ' Found.\r\n'),
(82637, '', '2025-06-23', '09:05:20', 0, '192.168.1.94', ' Found.\r\n'),
(82638, '', '2025-06-23', '09:05:24', 0, '192.168.1.94', ' Found.\r\n'),
(82639, '', '2025-06-23', '09:06:26', 0, '192.168.1.94', ' Found.\r\n'),
(82640, '', '2025-06-23', '09:06:31', 0, '192.168.1.94', ' Found.\r\n'),
(82641, '', '2025-06-23', '09:14:04', 0, '192.168.1.94', ' Found.\r\n'),
(82642, '', '2025-06-23', '09:15:25', 0, '192.168.1.19', '         28-c5-c8-73-d8-5d    '),
(82643, '', '2025-06-23', '09:16:10', 0, '192.168.1.94', ' Found.\r\n'),
(82644, '', '2025-06-23', '09:19:21', 0, '192.168.1.94', ' Found.\r\n'),
(82645, '', '2025-06-23', '09:19:25', 0, '192.168.1.94', ' Found.\r\n'),
(82646, '', '2025-06-23', '09:27:51', 0, '192.168.1.94', ' Found.\r\n'),
(82647, '', '2025-06-23', '09:27:53', 0, '192.168.1.94', ' Found.\r\n'),
(82648, '', '2025-06-23', '09:28:47', 0, '192.168.1.94', ' Found.\r\n'),
(82649, '', '2025-06-23', '09:28:50', 0, '192.168.1.94', ' Found.\r\n'),
(82650, '', '2025-06-23', '09:29:05', 0, '192.168.1.94', ' Found.\r\n'),
(82651, '', '2025-06-23', '09:29:42', 0, '192.168.1.94', ' Found.\r\n'),
(82652, '', '2025-06-23', '09:29:46', 0, '192.168.1.94', ' Found.\r\n'),
(82653, '', '2025-06-23', '09:30:46', 0, '192.168.1.94', ' Found.\r\n'),
(82654, '', '2025-06-23', '09:30:49', 0, '192.168.1.94', ' Found.\r\n'),
(82655, '', '2025-06-23', '09:33:26', 0, '192.168.1.94', ' Found.\r\n'),
(82656, '', '2025-06-23', '09:33:30', 0, '192.168.1.94', ' Found.\r\n'),
(82657, '', '2025-06-23', '09:37:53', 0, '192.168.1.94', ' Found.\r\n'),
(82658, '', '2025-06-23', '09:37:55', 0, '192.168.1.94', ' Found.\r\n'),
(82659, '', '2025-06-23', '09:38:42', 0, '192.168.1.94', ' Found.\r\n'),
(82660, '', '2025-06-23', '09:39:01', 0, '192.168.1.94', ' Found.\r\n'),
(82661, '', '2025-06-23', '09:39:12', 0, '192.168.1.94', ' Found.\r\n'),
(82662, '', '2025-06-23', '09:41:24', 0, '192.168.1.94', ' Found.\r\n'),
(82663, '', '2025-06-23', '09:41:27', 0, '192.168.1.94', ' Found.\r\n'),
(82664, '', '2025-06-23', '09:43:52', 0, '192.168.1.94', ' Found.\r\n'),
(82665, '', '2025-06-23', '09:43:55', 0, '192.168.1.94', ' Found.\r\n'),
(82666, '', '2025-06-23', '09:44:40', 0, '192.168.1.94', ' Found.\r\n'),
(82667, '', '2025-06-23', '09:44:43', 0, '192.168.1.94', ' Found.\r\n'),
(82668, '', '2025-06-23', '09:44:52', 0, '192.168.1.94', ' Found.\r\n'),
(82669, '', '2025-06-23', '09:45:01', 0, '192.168.1.94', ' Found.\r\n'),
(82670, '', '2025-06-23', '09:45:13', 0, '192.168.1.94', ' Found.\r\n'),
(82671, '', '2025-06-23', '09:45:20', 0, '192.168.1.94', ' Found.\r\n'),
(82672, '', '2025-06-23', '09:45:47', 0, '192.168.1.94', ' Found.\r\n'),
(82673, '', '2025-06-23', '09:45:50', 0, '192.168.1.94', ' Found.\r\n'),
(82674, '', '2025-06-23', '09:46:09', 0, '192.168.1.94', ' Found.\r\n'),
(82675, '', '2025-06-23', '09:46:12', 0, '192.168.1.94', ' Found.\r\n'),
(82676, '', '2025-06-23', '09:48:16', 0, '192.168.1.94', ' Found.\r\n'),
(82677, '', '2025-06-23', '09:48:19', 0, '192.168.1.94', ' Found.\r\n'),
(82678, '', '2025-06-23', '09:48:27', 0, '192.168.1.94', ' Found.\r\n'),
(82679, '', '2025-06-23', '09:49:52', 0, '192.168.1.94', ' Found.\r\n'),
(82680, '', '2025-06-23', '09:49:55', 0, '192.168.1.94', ' Found.\r\n'),
(82681, '', '2025-06-23', '09:50:07', 0, '192.168.1.94', ' Found.\r\n'),
(82682, '', '2025-06-23', '09:50:19', 0, '192.168.1.94', ' Found.\r\n'),
(82683, '', '2025-06-23', '09:50:32', 0, '192.168.1.94', ' Found.\r\n'),
(82684, '', '2025-06-23', '09:54:58', 0, '192.168.1.94', ' Found.\r\n'),
(82685, '', '2025-06-23', '09:55:00', 0, '192.168.1.94', ' Found.\r\n'),
(82686, '', '2025-06-23', '09:55:16', 0, '192.168.1.94', ' Found.\r\n'),
(82687, '', '2025-06-23', '09:55:20', 0, '192.168.1.94', ' Found.\r\n'),
(82688, '', '2025-06-23', '09:56:46', 0, '192.168.1.94', ' Found.\r\n'),
(82689, '', '2025-06-23', '09:56:49', 0, '192.168.1.94', ' Found.\r\n'),
(82690, '', '2025-06-23', '09:57:32', 0, '192.168.1.94', ' Found.\r\n'),
(82691, '', '2025-06-23', '09:57:35', 0, '192.168.1.94', ' Found.\r\n'),
(82692, '', '2025-06-23', '09:57:41', 0, '192.168.1.94', ' Found.\r\n'),
(82693, '', '2025-06-23', '09:57:46', 0, '192.168.1.94', ' Found.\r\n'),
(82694, '', '2025-06-23', '09:58:11', 0, '192.168.1.94', ' Found.\r\n'),
(82695, '', '2025-06-23', '09:58:14', 0, '192.168.1.94', ' Found.\r\n'),
(82696, '', '2025-06-23', '09:58:26', 0, '192.168.1.19', '         28-c5-c8-73-d8-5d    '),
(82697, '', '2025-06-23', '10:26:26', 0, '192.168.1.94', ' Found.\r\n'),
(82698, '', '2025-06-23', '10:26:29', 0, '192.168.1.94', ' Found.\r\n'),
(82699, '', '2025-06-23', '10:26:44', 0, '192.168.1.94', ' Found.\r\n'),
(82700, '', '2025-06-23', '10:26:47', 0, '192.168.1.94', ' Found.\r\n'),
(82701, '', '2025-06-23', '10:35:36', 0, '192.168.1.19', '         28-c5-c8-73-d8-5d    '),
(82702, '', '2025-06-23', '10:41:42', 0, '192.168.1.94', ' Found.\r\n'),
(82703, '', '2025-06-23', '10:41:45', 0, '192.168.1.94', ' Found.\r\n'),
(82704, '', '2025-06-23', '10:46:59', 0, '192.168.1.94', ' Found.\r\n'),
(82705, '', '2025-06-23', '10:47:05', 0, '192.168.1.94', ' Found.\r\n'),
(82706, '', '2025-06-23', '10:51:48', 0, '192.168.1.94', ' Found.\r\n'),
(82707, '', '2025-06-23', '10:51:54', 0, '192.168.1.94', ' Found.\r\n'),
(82708, '', '2025-06-23', '10:53:26', 0, '192.168.1.94', ' Found.\r\n'),
(82709, '', '2025-06-23', '10:53:28', 0, '192.168.1.94', ' Found.\r\n'),
(82710, '', '2025-06-23', '10:54:09', 0, '192.168.1.94', ' Found.\r\n'),
(82711, '', '2025-06-23', '10:57:12', 0, '192.168.1.94', ' Found.\r\n'),
(82712, '', '2025-06-23', '10:57:17', 0, '192.168.1.94', ' Found.\r\n'),
(82713, '', '2025-06-23', '11:01:08', 0, '192.168.1.94', ' Found.\r\n'),
(82714, '', '2025-06-23', '11:01:10', 0, '192.168.1.94', ' Found.\r\n'),
(82715, '', '2025-06-23', '11:01:51', 0, '192.168.1.94', ' Found.\r\n'),
(82716, '', '2025-06-23', '11:01:54', 0, '192.168.1.94', ' Found.\r\n'),
(82717, '', '2025-06-23', '11:05:58', 0, '192.168.1.94', ' Found.\r\n'),
(82718, '', '2025-06-23', '11:06:01', 0, '192.168.1.94', ' Found.\r\n'),
(82719, '', '2025-06-23', '11:07:50', 0, '192.168.1.94', ' Found.\r\n'),
(82720, '', '2025-06-23', '11:07:54', 0, '192.168.1.94', ' Found.\r\n'),
(82721, '', '2025-06-23', '11:09:33', 0, '192.168.1.94', ' Found.\r\n'),
(82722, '', '2025-06-23', '11:09:36', 0, '192.168.1.94', ' Found.\r\n'),
(82723, '', '2025-06-23', '11:10:09', 0, '192.168.1.94', ' Found.\r\n'),
(82724, '', '2025-06-23', '11:10:13', 0, '192.168.1.94', ' Found.\r\n'),
(82725, '', '2025-06-23', '11:10:54', 0, '192.168.1.94', ' Found.\r\n'),
(82726, '', '2025-06-23', '11:11:09', 0, '192.168.1.19', '         28-c5-c8-73-d8-5d    '),
(82727, '', '2025-06-23', '11:13:57', 0, '192.168.1.19', '         28-c5-c8-73-d8-5d    '),
(82728, '', '2025-06-23', '11:15:18', 0, '192.168.1.94', ' Found.\r\n'),
(82729, '', '2025-06-23', '11:15:58', 0, '192.168.1.94', ' Found.\r\n'),
(82730, '', '2025-06-23', '11:16:11', 0, '192.168.1.94', ' Found.\r\n'),
(82731, '', '2025-06-23', '11:21:41', 0, '192.168.1.94', ' Found.\r\n'),
(82732, '', '2025-06-23', '11:21:44', 0, '192.168.1.94', ' Found.\r\n'),
(82733, '', '2025-06-23', '11:22:06', 0, '192.168.1.94', ' Found.\r\n'),
(82734, '', '2025-06-23', '11:26:04', 0, '192.168.1.94', ' Found.\r\n'),
(82735, '', '2025-06-23', '11:26:07', 0, '192.168.1.94', ' Found.\r\n'),
(82736, '', '2025-06-23', '11:35:22', 0, '192.168.1.19', '         28-c5-c8-73-d8-5d    '),
(82737, '', '2025-06-23', '11:39:38', 0, '192.168.1.19', '         28-c5-c8-73-d8-5d    '),
(82738, '', '2025-06-23', '11:45:28', 0, '192.168.1.94', ' Found.\r\n'),
(82739, '', '2025-06-23', '11:45:56', 0, '192.168.1.94', ' Found.\r\n'),
(82740, '', '2025-06-23', '11:48:26', 0, '192.168.1.94', ' Found.\r\n'),
(82741, '', '2025-06-23', '11:48:30', 0, '192.168.1.94', ' Found.\r\n'),
(82742, '', '2025-06-23', '11:48:41', 0, '192.168.1.94', ' Found.\r\n'),
(82743, '', '2025-06-23', '11:51:22', 0, '192.168.1.107', '        76-fd-48-85-bc-bb     '),
(82744, '', '2025-06-23', '13:15:27', 0, '192.168.1.94', ' Found.\r\n'),
(82745, '', '2025-06-23', '13:15:31', 0, '192.168.1.94', ' Found.\r\n'),
(82746, '', '2025-06-23', '13:17:46', 0, '192.168.1.94', ' Found.\r\n'),
(82747, '', '2025-06-23', '13:17:49', 0, '192.168.1.94', ' Found.\r\n'),
(82748, '', '2025-06-23', '13:18:44', 0, '192.168.1.94', ' Found.\r\n'),
(82749, '', '2025-06-23', '13:22:25', 0, '192.168.1.107', '        76-fd-48-85-bc-bb     '),
(82750, '', '2025-06-23', '13:23:43', 0, '192.168.1.94', ' Found.\r\n'),
(82751, '', '2025-06-23', '13:23:46', 0, '192.168.1.94', ' Found.\r\n'),
(82752, '', '2025-06-23', '13:25:34', 0, '192.168.1.94', ' Found.\r\n'),
(82753, '', '2025-06-23', '13:25:37', 0, '192.168.1.94', ' Found.\r\n'),
(82754, '', '2025-06-23', '13:25:49', 0, '192.168.1.94', ' Found.\r\n'),
(82755, '', '2025-06-23', '13:26:01', 0, '192.168.1.94', ' Found.\r\n'),
(82756, '', '2025-06-23', '13:28:54', 0, '192.168.1.94', ' Found.\r\n'),
(82757, '', '2025-06-23', '13:28:57', 0, '192.168.1.94', ' Found.\r\n'),
(82758, '', '2025-06-23', '13:29:13', 0, '192.168.1.94', ' Found.\r\n'),
(82759, '', '2025-06-23', '13:29:16', 0, '192.168.1.94', ' Found.\r\n'),
(82760, '', '2025-06-23', '13:30:29', 0, '192.168.1.94', ' Found.\r\n'),
(82761, '', '2025-06-23', '13:30:32', 0, '192.168.1.94', ' Found.\r\n'),
(82762, '', '2025-06-23', '13:31:21', 0, '192.168.1.94', ' Found.\r\n'),
(82763, '', '2025-06-23', '13:31:24', 0, '192.168.1.94', ' Found.\r\n'),
(82764, '', '2025-06-23', '13:35:37', 0, '192.168.1.94', ' Found.\r\n'),
(82765, '', '2025-06-23', '13:35:40', 0, '192.168.1.94', ' Found.\r\n'),
(82766, '', '2025-06-23', '13:36:02', 0, '192.168.1.94', ' Found.\r\n'),
(82767, '', '2025-06-23', '13:36:05', 0, '192.168.1.94', ' Found.\r\n'),
(82768, '', '2025-06-23', '14:19:10', 0, '192.168.1.94', ' Found.\r\n'),
(82769, '', '2025-06-23', '14:19:13', 0, '192.168.1.94', ' Found.\r\n'),
(82770, '', '2025-06-23', '14:19:59', 0, '192.168.1.94', ' Found.\r\n'),
(82771, '', '2025-06-23', '15:14:44', 0, '192.168.1.94', ' Found.\r\n'),
(82772, '', '2025-06-23', '15:14:56', 0, '192.168.1.94', ' Found.\r\n'),
(82773, '', '2025-06-23', '15:15:42', 0, '192.168.1.94', ' Found.\r\n'),
(82774, '', '2025-06-23', '15:16:49', 0, '192.168.1.122', '        04-95-e6-12-8d-e9     '),
(82775, '', '2025-07-01', '09:48:37', 0, '192.168.1.19', '         28-c5-c8-73-d8-5d    '),
(82776, '', '2025-07-01', '09:48:39', 0, '192.168.1.19', '         28-c5-c8-73-d8-5d    '),
(82777, '', '2025-07-01', '09:48:40', 0, '192.168.1.19', '         28-c5-c8-73-d8-5d    '),
(82778, '', '2025-07-01', '09:48:41', 0, '192.168.1.19', '         28-c5-c8-73-d8-5d    '),
(82779, '', '2025-07-01', '09:49:51', 0, '192.168.1.19', '         28-c5-c8-73-d8-5d    '),
(82780, '', '2025-07-01', '09:50:34', 0, '192.168.1.94', ' Found.\r\n'),
(82781, '', '2025-07-01', '09:51:14', 0, '192.168.1.94', ' Found.\r\n'),
(82782, '', '2025-07-01', '09:51:18', 0, '192.168.1.94', ' Found.\r\n'),
(82783, '', '2025-07-01', '09:51:28', 0, '192.168.1.19', '         28-c5-c8-73-d8-5d    '),
(82784, '', '2025-07-01', '09:52:00', 0, '192.168.1.19', '         28-c5-c8-73-d8-5d    '),
(82785, '', '2025-07-01', '09:52:01', 0, '192.168.1.19', '         28-c5-c8-73-d8-5d    '),
(82786, '', '2025-07-01', '09:52:01', 0, '192.168.1.19', '         28-c5-c8-73-d8-5d    '),
(82787, '', '2025-07-01', '09:52:02', 0, '192.168.1.19', '         28-c5-c8-73-d8-5d    '),
(82788, '', '2025-07-01', '09:52:02', 0, '192.168.1.19', '         28-c5-c8-73-d8-5d    '),
(82789, '', '2025-07-01', '09:52:26', 0, '192.168.1.19', '         28-c5-c8-73-d8-5d    '),
(82790, '', '2025-07-01', '09:53:00', 0, '192.168.1.19', '         28-c5-c8-73-d8-5d    '),
(82791, '', '2025-07-01', '09:53:56', 0, '192.168.1.19', '         28-c5-c8-73-d8-5d    '),
(82792, '', '2025-07-01', '09:54:39', 0, '192.168.1.19', '         28-c5-c8-73-d8-5d    '),
(82793, '', '2025-07-01', '09:56:05', 0, '192.168.1.94', ' Found.\r\n'),
(82794, '', '2025-07-01', '09:56:13', 0, '::1', ''),
(82795, '', '2025-07-01', '09:56:54', 0, '::1', ''),
(82796, '', '2025-07-01', '09:57:13', 0, '192.168.1.19', '         28-c5-c8-73-d8-5d    '),
(82797, '', '2025-07-01', '09:57:14', 0, '192.168.1.19', '         28-c5-c8-73-d8-5d    '),
(82798, '', '2025-07-01', '09:57:22', 0, '192.168.1.19', '         28-c5-c8-73-d8-5d    '),
(82799, '', '2025-07-01', '09:57:23', 0, '192.168.1.94', ' Found.\r\n'),
(82800, '', '2025-07-01', '09:57:23', 0, '192.168.1.94', ' Found.\r\n'),
(82801, '', '2025-07-01', '09:57:24', 0, '192.168.1.94', ' Found.\r\n'),
(82802, '', '2025-07-01', '09:57:24', 0, '192.168.1.94', ' Found.\r\n'),
(82803, '', '2025-07-01', '09:57:24', 0, '192.168.1.19', '         28-c5-c8-73-d8-5d    '),
(82804, '', '2025-07-01', '09:57:38', 0, '192.168.1.19', '         28-c5-c8-73-d8-5d    '),
(82805, '', '2025-07-01', '09:57:39', 0, '192.168.1.19', '         28-c5-c8-73-d8-5d    '),
(82806, '', '2025-07-01', '09:57:39', 0, '192.168.1.19', '         28-c5-c8-73-d8-5d    '),
(82807, '', '2025-07-01', '09:57:40', 0, '192.168.1.19', '         28-c5-c8-73-d8-5d    '),
(82808, '', '2025-07-01', '09:57:40', 0, '192.168.1.19', '         28-c5-c8-73-d8-5d    '),
(82809, '', '2025-07-01', '09:58:23', 0, '192.168.1.19', '         28-c5-c8-73-d8-5d    '),
(82810, '', '2025-07-01', '09:58:26', 0, '192.168.1.19', '         28-c5-c8-73-d8-5d    '),
(82811, '', '2025-07-01', '09:58:27', 0, '192.168.1.19', '         28-c5-c8-73-d8-5d    '),
(82812, '', '2025-07-01', '10:00:09', 0, '192.168.1.94', ' Found.\r\n'),
(82813, '', '2025-07-01', '10:00:22', 0, '192.168.1.19', '         28-c5-c8-73-d8-5d    '),
(82814, '', '2025-07-01', '10:00:31', 0, '192.168.1.94', ' Found.\r\n'),
(82815, '', '2025-07-01', '10:00:32', 0, '192.168.1.94', ' Found.\r\n'),
(82816, '', '2025-07-01', '10:00:32', 0, '192.168.1.94', ' Found.\r\n'),
(82817, '', '2025-07-01', '10:00:32', 0, '192.168.1.94', ' Found.\r\n'),
(82818, '', '2025-07-01', '10:00:39', 0, '192.168.1.94', ' Found.\r\n'),
(82819, '', '2025-07-01', '10:00:42', 0, '192.168.1.94', ' Found.\r\n'),
(82820, '', '2025-07-01', '10:00:42', 0, '192.168.1.94', ' Found.\r\n'),
(82821, '', '2025-07-01', '10:00:42', 0, '192.168.1.94', ' Found.\r\n'),
(82822, '', '2025-07-01', '10:11:40', 0, '192.168.1.94', ' Found.\r\n'),
(82823, '', '2025-07-01', '10:11:47', 0, '192.168.1.94', ' Found.\r\n'),
(82824, '', '2025-07-01', '10:13:35', 0, '192.168.1.19', '         28-c5-c8-73-d8-5d    '),
(82825, '', '2025-07-01', '10:17:14', 0, '192.168.1.19', '         28-c5-c8-73-d8-5d    '),
(82826, '', '2025-07-01', '10:19:07', 0, '192.168.1.94', ' Found.\r\n'),
(82827, '', '2025-07-01', '10:19:08', 0, '192.168.1.94', ' Found.\r\n'),
(82828, '', '2025-07-01', '10:19:08', 0, '192.168.1.94', ' Found.\r\n'),
(82829, '', '2025-07-01', '10:19:08', 0, '192.168.1.94', ' Found.\r\n'),
(82830, '', '2025-07-01', '10:20:58', 0, '192.168.1.94', ' Found.\r\n'),
(82831, '', '2025-07-01', '10:20:59', 0, '192.168.1.94', ' Found.\r\n'),
(82832, '', '2025-07-01', '10:20:59', 0, '192.168.1.94', ' Found.\r\n'),
(82833, '', '2025-07-01', '10:20:59', 0, '192.168.1.94', ' Found.\r\n'),
(82834, '', '2025-07-01', '10:21:03', 0, '192.168.1.94', ' Found.\r\n'),
(82835, '', '2025-07-01', '10:21:03', 0, '192.168.1.94', ' Found.\r\n'),
(82836, '', '2025-07-01', '10:21:06', 0, '192.168.1.94', ' Found.\r\n'),
(82837, '', '2025-07-01', '10:21:07', 0, '192.168.1.94', ' Found.\r\n'),
(82838, '', '2025-07-01', '10:21:07', 0, '192.168.1.94', ' Found.\r\n'),
(82839, '', '2025-07-01', '10:25:20', 0, '192.168.1.14', '         76-fd-48-85-bc-bb    '),
(82840, '', '2025-07-01', '10:28:02', 0, '192.168.1.94', ' Found.\r\n'),
(82841, '', '2025-07-01', '10:28:03', 0, '192.168.1.94', ' Found.\r\n'),
(82842, '', '2025-07-01', '10:28:03', 0, '192.168.1.94', ' Found.\r\n'),
(82843, '', '2025-07-01', '10:28:03', 0, '192.168.1.94', ' Found.\r\n'),
(82844, '', '2025-07-01', '10:28:35', 0, '192.168.1.94', ' Found.\r\n'),
(82845, '', '2025-07-01', '10:28:35', 0, '192.168.1.94', ' Found.\r\n'),
(82846, '', '2025-07-01', '10:28:35', 0, '192.168.1.94', ' Found.\r\n'),
(82847, '', '2025-07-01', '10:28:35', 0, '192.168.1.94', ' Found.\r\n'),
(82848, '', '2025-07-01', '10:36:37', 0, '192.168.1.94', ' Found.\r\n'),
(82849, '', '2025-07-01', '10:36:49', 0, '192.168.1.94', ' Found.\r\n'),
(82850, '', '2025-07-01', '10:36:49', 0, '192.168.1.94', ' Found.\r\n'),
(82851, '', '2025-07-01', '10:36:49', 0, '192.168.1.94', ' Found.\r\n'),
(82852, '', '2025-07-01', '10:39:54', 0, '192.168.1.94', ' Found.\r\n'),
(82853, '', '2025-07-01', '10:40:01', 0, '192.168.1.94', ' Found.\r\n'),
(82854, '', '2025-07-01', '10:40:01', 0, '192.168.1.94', ' Found.\r\n'),
(82855, '', '2025-07-01', '10:40:24', 0, '192.168.1.94', ' Found.\r\n'),
(82856, '', '2025-07-01', '10:40:39', 0, '192.168.1.94', ' Found.\r\n'),
(82857, '', '2025-07-01', '10:40:46', 0, '192.168.1.94', ' Found.\r\n'),
(82858, '', '2025-07-01', '10:40:46', 0, '192.168.1.94', ' Found.\r\n'),
(82859, '', '2025-07-01', '10:40:47', 0, '192.168.1.94', ' Found.\r\n'),
(82860, '', '2025-07-01', '10:41:20', 0, '192.168.1.94', ' Found.\r\n'),
(82861, '', '2025-07-01', '10:41:26', 0, '192.168.1.94', ' Found.\r\n'),
(82862, '', '2025-07-01', '10:41:26', 0, '192.168.1.94', ' Found.\r\n'),
(82863, '', '2025-07-01', '10:41:26', 0, '192.168.1.94', ' Found.\r\n'),
(82864, '', '2025-07-01', '10:43:10', 0, '192.168.1.94', ' Found.\r\n'),
(82865, '', '2025-07-01', '10:43:19', 0, '192.168.1.94', ' Found.\r\n'),
(82866, '', '2025-07-01', '10:43:19', 0, '192.168.1.94', ' Found.\r\n'),
(82867, '', '2025-07-01', '10:43:19', 0, '192.168.1.94', ' Found.\r\n'),
(82868, '', '2025-07-01', '10:43:39', 0, '192.168.1.94', ' Found.\r\n'),
(82869, '', '2025-07-01', '10:43:41', 0, '192.168.1.94', ' Found.\r\n'),
(82870, '', '2025-07-01', '10:43:41', 0, '192.168.1.94', ' Found.\r\n'),
(82871, '', '2025-07-01', '10:43:41', 0, '192.168.1.94', ' Found.\r\n'),
(82872, '', '2025-07-01', '10:46:15', 0, '192.168.1.19', '         28-c5-c8-73-d8-5d    '),
(82873, '', '2025-07-01', '10:56:07', 0, '192.168.1.94', ' Found.\r\n'),
(82874, '', '2025-07-01', '10:56:11', 0, '192.168.1.94', ' Found.\r\n'),
(82875, '', '2025-07-01', '10:56:11', 0, '192.168.1.94', ' Found.\r\n'),
(82876, '', '2025-07-01', '10:56:11', 0, '192.168.1.94', ' Found.\r\n'),
(82877, '', '2025-07-01', '10:56:19', 0, '192.168.1.94', ' Found.\r\n'),
(82878, '', '2025-07-01', '10:56:19', 0, '192.168.1.94', ' Found.\r\n'),
(82879, '', '2025-07-01', '10:56:19', 0, '192.168.1.94', ' Found.\r\n'),
(82880, '', '2025-07-01', '10:56:38', 0, '192.168.1.94', ' Found.\r\n'),
(82881, '', '2025-07-01', '10:56:45', 0, '192.168.1.94', ' Found.\r\n'),
(82882, '', '2025-07-01', '10:56:45', 0, '192.168.1.94', ' Found.\r\n'),
(82883, '', '2025-07-01', '10:57:02', 0, '192.168.1.94', ' Found.\r\n'),
(82884, '', '2025-07-01', '10:57:02', 0, '192.168.1.94', ' Found.\r\n'),
(82885, '', '2025-07-01', '10:57:02', 0, '192.168.1.94', ' Found.\r\n'),
(82886, '', '2025-07-01', '10:57:10', 0, '192.168.1.94', ' Found.\r\n'),
(82887, '', '2025-07-01', '10:57:10', 0, '192.168.1.94', ' Found.\r\n'),
(82888, '', '2025-07-01', '10:57:10', 0, '192.168.1.94', ' Found.\r\n'),
(82889, '', '2025-07-01', '10:57:23', 0, '192.168.1.94', ' Found.\r\n'),
(82890, '', '2025-07-01', '10:57:23', 0, '192.168.1.94', ' Found.\r\n'),
(82891, '', '2025-07-01', '10:57:32', 0, '192.168.1.94', ' Found.\r\n'),
(82892, '', '2025-07-01', '10:57:32', 0, '192.168.1.94', ' Found.\r\n'),
(82893, '', '2025-07-01', '10:57:38', 0, '192.168.1.94', ' Found.\r\n'),
(82894, '', '2025-07-01', '10:57:45', 0, '192.168.1.94', ' Found.\r\n'),
(82895, '', '2025-07-01', '10:57:45', 0, '192.168.1.94', ' Found.\r\n'),
(82896, '', '2025-07-01', '10:57:45', 0, '192.168.1.94', ' Found.\r\n'),
(82897, '', '2025-07-01', '10:57:45', 0, '192.168.1.94', ' Found.\r\n'),
(82898, '', '2025-07-01', '10:57:45', 0, '192.168.1.94', ' Found.\r\n'),
(82899, '', '2025-07-01', '10:57:46', 0, '192.168.1.94', ' Found.\r\n'),
(82900, '', '2025-07-01', '10:57:46', 0, '192.168.1.94', ' Found.\r\n'),
(82901, '', '2025-07-01', '11:02:18', 0, '192.168.1.94', ' Found.\r\n'),
(82902, '', '2025-07-01', '11:02:24', 0, '192.168.1.94', ' Found.\r\n'),
(82903, '', '2025-07-01', '11:02:24', 0, '192.168.1.94', ' Found.\r\n'),
(82904, '', '2025-07-01', '11:02:24', 0, '192.168.1.94', ' Found.\r\n'),
(82905, '', '2025-07-01', '11:02:33', 0, '192.168.1.94', ' Found.\r\n'),
(82906, '', '2025-07-01', '11:02:33', 0, '192.168.1.94', ' Found.\r\n'),
(82907, '', '2025-07-01', '11:02:33', 0, '192.168.1.94', ' Found.\r\n'),
(82908, '', '2025-07-01', '11:04:21', 0, '192.168.1.19', '         28-c5-c8-73-d8-5d    '),
(82909, '', '2025-07-01', '11:27:28', 0, '192.168.1.94', ' Found.\r\n'),
(82910, '', '2025-07-01', '11:27:39', 0, '192.168.1.94', ' Found.\r\n'),
(82911, '', '2025-07-01', '11:27:39', 0, '192.168.1.94', ' Found.\r\n'),
(82912, '', '2025-07-01', '11:28:33', 0, '192.168.1.94', ' Found.\r\n'),
(82913, '', '2025-07-01', '11:38:51', 0, '192.168.1.94', ' Found.\r\n'),
(82914, '', '2025-07-01', '11:38:58', 0, '192.168.1.94', ' Found.\r\n'),
(82915, '', '2025-07-01', '11:38:59', 0, '192.168.1.94', ' Found.\r\n'),
(82916, '', '2025-07-01', '11:38:59', 0, '192.168.1.94', ' Found.\r\n'),
(82917, '', '2025-07-01', '11:39:06', 0, '192.168.1.94', ' Found.\r\n'),
(82918, '', '2025-07-01', '11:39:07', 0, '192.168.1.94', ' Found.\r\n'),
(82919, '', '2025-07-01', '11:39:07', 0, '192.168.1.94', ' Found.\r\n'),
(82920, '', '2025-07-01', '11:39:22', 0, '192.168.1.94', ' Found.\r\n'),
(82921, '', '2025-07-01', '11:39:22', 0, '192.168.1.94', ' Found.\r\n'),
(82922, '', '2025-07-01', '11:39:33', 0, '192.168.1.94', ' Found.\r\n'),
(82923, '', '2025-07-01', '11:39:44', 0, '192.168.1.94', ' Found.\r\n'),
(82924, '', '2025-07-01', '11:40:13', 0, '192.168.1.94', ' Found.\r\n'),
(82925, '', '2025-07-01', '11:40:13', 0, '192.168.1.94', ' Found.\r\n'),
(82926, '', '2025-07-01', '11:40:13', 0, '192.168.1.94', ' Found.\r\n'),
(82927, '', '2025-07-01', '11:40:22', 0, '192.168.1.94', ' Found.\r\n'),
(82928, '', '2025-07-01', '11:40:22', 0, '192.168.1.94', ' Found.\r\n'),
(82929, '', '2025-07-01', '11:40:23', 0, '192.168.1.94', ' Found.\r\n'),
(82930, '', '2025-07-01', '11:40:38', 0, '192.168.1.94', ' Found.\r\n'),
(82931, '', '2025-07-01', '11:40:38', 0, '192.168.1.94', ' Found.\r\n'),
(82932, '', '2025-07-01', '11:40:48', 0, '192.168.1.94', ' Found.\r\n'),
(82933, '', '2025-07-01', '11:41:22', 0, '192.168.1.94', ' Found.\r\n'),
(82934, '', '2025-07-01', '11:41:22', 0, '192.168.1.94', ' Found.\r\n'),
(82935, '', '2025-07-01', '11:41:35', 0, '192.168.1.94', ' Found.\r\n'),
(82936, '', '2025-07-01', '11:41:56', 0, '192.168.1.94', ' Found.\r\n'),
(82937, '', '2025-07-01', '11:42:14', 0, '192.168.1.94', ' Found.\r\n'),
(82938, '', '2025-07-01', '11:44:00', 0, '192.168.1.19', '         28-c5-c8-73-d8-5d    '),
(82939, '', '2025-07-01', '13:48:13', 0, '192.168.1.94', ' Found.\r\n'),
(82940, '', '2025-07-01', '13:48:25', 0, '192.168.1.94', ' Found.\r\n'),
(82941, '', '2025-07-01', '13:48:25', 0, '192.168.1.94', ' Found.\r\n'),
(82942, '', '2025-07-01', '13:48:38', 0, '192.168.1.94', ' Found.\r\n'),
(82943, '', '2025-07-01', '13:49:00', 0, '192.168.1.94', ' Found.\r\n'),
(82944, '', '2025-07-01', '13:49:14', 0, '192.168.1.94', ' Found.\r\n'),
(82945, '', '2025-07-01', '13:49:38', 0, '192.168.1.94', ' Found.\r\n'),
(82946, '', '2025-07-01', '13:49:38', 0, '192.168.1.94', ' Found.\r\n'),
(82947, '', '2025-07-01', '13:49:39', 0, '192.168.1.94', ' Found.\r\n'),
(82948, '', '2025-07-01', '13:49:48', 0, '192.168.1.94', ' Found.\r\n'),
(82949, '', '2025-07-01', '13:49:48', 0, '192.168.1.94', ' Found.\r\n'),
(82950, '', '2025-07-01', '13:50:16', 0, '192.168.1.94', ' Found.\r\n'),
(82951, '', '2025-07-01', '13:50:16', 0, '192.168.1.94', ' Found.\r\n'),
(82952, '', '2025-07-01', '13:50:16', 0, '192.168.1.94', ' Found.\r\n'),
(82953, '', '2025-07-01', '13:50:24', 0, '192.168.1.94', ' Found.\r\n'),
(82954, '', '2025-07-01', '13:50:24', 0, '192.168.1.94', ' Found.\r\n'),
(82955, '', '2025-07-01', '13:50:24', 0, '192.168.1.94', ' Found.\r\n'),
(82956, '', '2025-07-01', '13:50:37', 0, '192.168.1.94', ' Found.\r\n'),
(82957, '', '2025-07-01', '13:50:37', 0, '192.168.1.94', ' Found.\r\n'),
(82958, '', '2025-07-01', '13:50:38', 0, '192.168.1.94', ' Found.\r\n'),
(82959, '', '2025-07-01', '13:50:38', 0, '192.168.1.94', ' Found.\r\n'),
(82960, '', '2025-07-01', '13:51:19', 0, '192.168.1.94', ' Found.\r\n'),
(82961, '', '2025-07-01', '13:51:32', 0, '192.168.1.94', ' Found.\r\n'),
(82962, '', '2025-07-01', '13:51:32', 0, '192.168.1.94', ' Found.\r\n'),
(82963, '', '2025-07-01', '13:51:40', 0, '192.168.1.94', ' Found.\r\n'),
(82964, '', '2025-07-01', '13:51:40', 0, '192.168.1.94', ' Found.\r\n'),
(82965, '', '2025-07-01', '13:51:51', 0, '192.168.1.94', ' Found.\r\n'),
(82966, '', '2025-07-01', '13:52:04', 0, '192.168.1.94', ' Found.\r\n'),
(82967, '', '2025-07-01', '13:52:04', 0, '192.168.1.94', ' Found.\r\n'),
(82968, '', '2025-07-01', '13:52:04', 0, '192.168.1.94', ' Found.\r\n'),
(82969, '', '2025-07-01', '13:52:04', 0, '192.168.1.94', ' Found.\r\n'),
(82970, '', '2025-07-01', '13:52:53', 0, '192.168.1.94', ' Found.\r\n'),
(82971, '', '2025-07-01', '13:53:11', 0, '192.168.1.94', ' Found.\r\n'),
(82972, '', '2025-07-01', '13:53:13', 0, '192.168.1.94', ' Found.\r\n'),
(82973, '', '2025-07-01', '13:53:13', 0, '192.168.1.94', ' Found.\r\n'),
(82974, '', '2025-07-01', '13:55:34', 0, '192.168.1.94', ' Found.\r\n'),
(82975, '', '2025-07-01', '13:55:39', 0, '192.168.1.94', ' Found.\r\n'),
(82976, '', '2025-07-01', '13:55:39', 0, '192.168.1.94', ' Found.\r\n'),
(82977, '', '2025-07-01', '13:55:39', 0, '192.168.1.94', ' Found.\r\n'),
(82978, '', '2025-07-01', '13:55:49', 0, '192.168.1.94', ' Found.\r\n'),
(82979, '', '2025-07-01', '13:55:49', 0, '192.168.1.94', ' Found.\r\n'),
(82980, '', '2025-07-01', '13:55:49', 0, '192.168.1.94', ' Found.\r\n'),
(82981, '', '2025-07-01', '13:55:52', 0, '192.168.1.94', ' Found.\r\n'),
(82982, '', '2025-07-01', '13:55:52', 0, '192.168.1.94', ' Found.\r\n'),
(82983, '', '2025-07-01', '13:55:52', 0, '192.168.1.94', ' Found.\r\n'),
(82984, '', '2025-07-01', '13:55:52', 0, '192.168.1.94', ' Found.\r\n'),
(82985, '', '2025-07-01', '13:57:05', 0, '192.168.1.94', ' Found.\r\n'),
(82986, '', '2025-07-01', '13:57:08', 0, '192.168.1.94', ' Found.\r\n'),
(82987, '', '2025-07-01', '13:57:08', 0, '192.168.1.94', ' Found.\r\n'),
(82988, '', '2025-07-01', '13:57:09', 0, '192.168.1.94', ' Found.\r\n'),
(82989, '', '2025-07-01', '13:57:16', 0, '192.168.1.94', ' Found.\r\n'),
(82990, '', '2025-07-01', '13:57:16', 0, '192.168.1.94', ' Found.\r\n'),
(82991, '', '2025-07-01', '13:57:17', 0, '192.168.1.94', ' Found.\r\n'),
(82992, '', '2025-07-01', '13:57:22', 0, '192.168.1.94', ' Found.\r\n'),
(82993, '', '2025-07-01', '13:57:22', 0, '192.168.1.94', ' Found.\r\n'),
(82994, '', '2025-07-01', '13:57:22', 0, '192.168.1.94', ' Found.\r\n'),
(82995, '', '2025-07-01', '13:57:22', 0, '192.168.1.94', ' Found.\r\n'),
(82996, '', '2025-07-01', '13:57:44', 0, '192.168.1.94', ' Found.\r\n'),
(82997, '', '2025-07-01', '13:57:51', 0, '192.168.1.94', ' Found.\r\n'),
(82998, '', '2025-07-01', '13:58:12', 0, '192.168.1.94', ' Found.\r\n'),
(82999, '', '2025-07-01', '13:58:14', 0, '192.168.1.94', ' Found.\r\n'),
(83000, '', '2025-07-01', '13:58:22', 0, '192.168.1.94', ' Found.\r\n'),
(83001, '', '2025-07-01', '13:58:40', 0, '192.168.1.94', ' Found.\r\n'),
(83002, '', '2025-07-01', '13:58:40', 0, '192.168.1.94', ' Found.\r\n'),
(83003, '', '2025-07-01', '13:58:40', 0, '192.168.1.94', ' Found.\r\n'),
(83004, '', '2025-07-01', '13:58:49', 0, '192.168.1.94', ' Found.\r\n'),
(83005, '', '2025-07-01', '13:58:49', 0, '192.168.1.94', ' Found.\r\n'),
(83006, '', '2025-07-01', '13:58:49', 0, '192.168.1.94', ' Found.\r\n'),
(83007, '', '2025-07-01', '13:58:57', 0, '192.168.1.94', ' Found.\r\n'),
(83008, '', '2025-07-01', '13:58:57', 0, '192.168.1.94', ' Found.\r\n'),
(83009, '', '2025-07-01', '13:58:59', 0, '192.168.1.94', ' Found.\r\n'),
(83010, '', '2025-07-01', '13:58:59', 0, '192.168.1.94', ' Found.\r\n'),
(83011, '', '2025-07-01', '13:59:18', 0, '192.168.1.94', ' Found.\r\n'),
(83012, '', '2025-07-01', '13:59:46', 0, '192.168.1.94', ' Found.\r\n'),
(83013, '', '2025-07-01', '13:59:47', 0, '192.168.1.94', ' Found.\r\n'),
(83014, '', '2025-07-01', '13:59:57', 0, '192.168.1.94', ' Found.\r\n'),
(83015, '', '2025-07-01', '13:59:58', 0, '192.168.1.94', ' Found.\r\n'),
(83016, '', '2025-07-01', '13:59:58', 0, '192.168.1.94', ' Found.\r\n'),
(83017, '', '2025-07-01', '14:00:05', 0, '192.168.1.94', ' Found.\r\n'),
(83018, '', '2025-07-01', '14:00:05', 0, '192.168.1.94', ' Found.\r\n'),
(83019, '', '2025-07-01', '14:00:06', 0, '192.168.1.94', ' Found.\r\n'),
(83020, '', '2025-07-01', '14:00:11', 0, '192.168.1.94', ' Found.\r\n'),
(83021, '', '2025-07-01', '14:00:11', 0, '192.168.1.94', ' Found.\r\n'),
(83022, '', '2025-07-01', '14:00:12', 0, '192.168.1.94', ' Found.\r\n'),
(83023, '', '2025-07-01', '14:00:12', 0, '192.168.1.94', ' Found.\r\n'),
(83024, '', '2025-07-01', '14:00:19', 0, '192.168.1.94', ' Found.\r\n'),
(83025, '', '2025-07-01', '14:00:19', 0, '192.168.1.94', ' Found.\r\n'),
(83026, '', '2025-07-01', '14:00:19', 0, '192.168.1.94', ' Found.\r\n'),
(83027, '', '2025-07-01', '14:00:19', 0, '192.168.1.94', ' Found.\r\n'),
(83028, '', '2025-07-01', '14:01:32', 0, '192.168.1.94', ' Found.\r\n'),
(83029, '', '2025-07-01', '14:01:33', 0, '192.168.1.94', ' Found.\r\n'),
(83030, '', '2025-07-01', '14:01:33', 0, '192.168.1.94', ' Found.\r\n'),
(83031, '', '2025-07-01', '14:01:33', 0, '192.168.1.94', ' Found.\r\n'),
(83032, '', '2025-07-01', '14:01:42', 0, '192.168.1.94', ' Found.\r\n'),
(83033, '', '2025-07-01', '14:01:46', 0, '192.168.1.94', ' Found.\r\n'),
(83034, '', '2025-07-01', '14:01:46', 0, '192.168.1.94', ' Found.\r\n'),
(83035, '', '2025-07-01', '14:01:46', 0, '192.168.1.94', ' Found.\r\n'),
(83036, '', '2025-07-01', '14:01:54', 0, '192.168.1.94', ' Found.\r\n'),
(83037, '', '2025-07-01', '14:02:15', 0, '192.168.1.94', ' Found.\r\n'),
(83038, '', '2025-07-01', '14:02:38', 0, '192.168.1.94', ' Found.\r\n'),
(83039, '', '2025-07-01', '14:02:41', 0, '192.168.1.94', ' Found.\r\n'),
(83040, '', '2025-07-01', '14:03:09', 0, '192.168.1.94', ' Found.\r\n'),
(83041, '', '2025-07-01', '14:03:12', 0, '192.168.1.94', ' Found.\r\n'),
(83042, '', '2025-07-01', '14:04:26', 0, '192.168.1.94', ' Found.\r\n'),
(83043, '', '2025-07-01', '14:04:27', 0, '192.168.1.94', ' Found.\r\n'),
(83044, '', '2025-07-01', '14:04:27', 0, '192.168.1.94', ' Found.\r\n'),
(83045, '', '2025-07-01', '14:04:27', 0, '192.168.1.94', ' Found.\r\n'),
(83046, '', '2025-07-01', '14:04:35', 0, '192.168.1.94', ' Found.\r\n'),
(83047, '', '2025-07-01', '14:04:38', 0, '192.168.1.94', ' Found.\r\n'),
(83048, '', '2025-07-01', '14:04:38', 0, '192.168.1.94', ' Found.\r\n'),
(83049, '', '2025-07-01', '14:04:38', 0, '192.168.1.94', ' Found.\r\n'),
(83050, '', '2025-07-01', '14:04:53', 0, '192.168.1.94', ' Found.\r\n'),
(83051, '', '2025-07-01', '14:05:11', 0, '192.168.1.94', ' Found.\r\n'),
(83052, '', '2025-07-01', '14:05:17', 0, '192.168.1.94', ' Found.\r\n'),
(83053, '', '2025-07-01', '14:06:20', 0, '192.168.1.94', ' Found.\r\n'),
(83054, '', '2025-07-01', '14:06:21', 0, '192.168.1.94', ' Found.\r\n'),
(83055, '', '2025-07-01', '14:06:21', 0, '192.168.1.94', ' Found.\r\n'),
(83056, '', '2025-07-01', '14:06:21', 0, '192.168.1.94', ' Found.\r\n'),
(83057, '', '2025-07-01', '14:06:29', 0, '192.168.1.94', ' Found.\r\n'),
(83058, '', '2025-07-01', '14:06:32', 0, '192.168.1.94', ' Found.\r\n'),
(83059, '', '2025-07-01', '14:06:32', 0, '192.168.1.94', ' Found.\r\n'),
(83060, '', '2025-07-01', '14:06:32', 0, '192.168.1.94', ' Found.\r\n'),
(83061, '', '2025-07-01', '14:06:37', 0, '192.168.1.94', ' Found.\r\n'),
(83062, '', '2025-07-01', '14:06:37', 0, '192.168.1.94', ' Found.\r\n'),
(83063, '', '2025-07-01', '14:06:38', 0, '192.168.1.94', ' Found.\r\n'),
(83064, '', '2025-07-01', '14:06:38', 0, '192.168.1.94', ' Found.\r\n'),
(83065, '', '2025-07-01', '14:06:38', 0, '192.168.1.94', ' Found.\r\n'),
(83066, '', '2025-07-01', '14:11:59', 0, '192.168.1.94', ' Found.\r\n'),
(83067, '', '2025-07-01', '14:11:59', 0, '192.168.1.94', ' Found.\r\n'),
(83068, '', '2025-07-01', '14:12:00', 0, '192.168.1.94', ' Found.\r\n'),
(83069, '', '2025-07-01', '14:12:00', 0, '192.168.1.94', ' Found.\r\n'),
(83070, '', '2025-07-01', '14:12:07', 0, '192.168.1.94', ' Found.\r\n'),
(83071, '', '2025-07-01', '14:12:10', 0, '192.168.1.94', ' Found.\r\n'),
(83072, '', '2025-07-01', '14:12:10', 0, '192.168.1.94', ' Found.\r\n'),
(83073, '', '2025-07-01', '14:12:10', 0, '192.168.1.94', ' Found.\r\n'),
(83074, '', '2025-07-01', '14:12:17', 0, '192.168.1.94', ' Found.\r\n'),
(83075, '', '2025-07-01', '14:12:17', 0, '192.168.1.94', ' Found.\r\n'),
(83076, '', '2025-07-01', '14:12:35', 0, '192.168.1.94', ' Found.\r\n'),
(83077, '', '2025-07-01', '14:12:35', 0, '192.168.1.94', ' Found.\r\n'),
(83078, '', '2025-07-01', '14:12:36', 0, '192.168.1.94', ' Found.\r\n'),
(83079, '', '2025-07-01', '14:12:37', 0, '192.168.1.94', ' Found.\r\n'),
(83080, '', '2025-07-01', '14:12:47', 0, '192.168.1.94', ' Found.\r\n'),
(83081, '', '2025-07-01', '14:12:47', 0, '192.168.1.94', ' Found.\r\n'),
(83082, '', '2025-07-01', '14:12:48', 0, '192.168.1.94', ' Found.\r\n'),
(83083, '', '2025-07-01', '14:12:48', 0, '192.168.1.94', ' Found.\r\n'),
(83084, '', '2025-07-01', '14:13:25', 0, '192.168.1.94', ' Found.\r\n'),
(83085, '', '2025-07-01', '14:13:26', 0, '192.168.1.94', ' Found.\r\n'),
(83086, '', '2025-07-01', '14:13:26', 0, '192.168.1.94', ' Found.\r\n'),
(83087, '', '2025-07-01', '14:13:26', 0, '192.168.1.94', ' Found.\r\n'),
(83088, '', '2025-07-01', '14:13:34', 0, '192.168.1.94', ' Found.\r\n'),
(83089, '', '2025-07-01', '14:13:37', 0, '192.168.1.94', ' Found.\r\n'),
(83090, '', '2025-07-01', '14:13:37', 0, '192.168.1.94', ' Found.\r\n'),
(83091, '', '2025-07-01', '14:13:38', 0, '192.168.1.94', ' Found.\r\n'),
(83092, '', '2025-07-01', '14:13:41', 0, '192.168.1.94', ' Found.\r\n'),
(83093, '', '2025-07-01', '14:13:41', 0, '192.168.1.94', ' Found.\r\n'),
(83094, '', '2025-07-01', '14:13:42', 0, '192.168.1.94', ' Found.\r\n');
INSERT INTO `log` (`ID`, `UserID`, `LoginDate`, `LoginTime`, `State`, `Ip`, `Mac`) VALUES
(83095, '', '2025-07-01', '14:13:42', 0, '192.168.1.94', ' Found.\r\n'),
(83096, '', '2025-07-01', '14:13:47', 0, '192.168.1.94', ' Found.\r\n'),
(83097, '', '2025-07-01', '14:13:47', 0, '192.168.1.94', ' Found.\r\n'),
(83098, '', '2025-07-01', '14:13:47', 0, '192.168.1.94', ' Found.\r\n'),
(83099, '', '2025-07-01', '14:13:47', 0, '192.168.1.94', ' Found.\r\n'),
(83100, '', '2025-07-01', '14:15:47', 0, '192.168.1.94', ' Found.\r\n'),
(83101, '', '2025-07-01', '14:15:48', 0, '192.168.1.94', ' Found.\r\n'),
(83102, '', '2025-07-01', '14:15:48', 0, '192.168.1.94', ' Found.\r\n'),
(83103, '', '2025-07-01', '14:15:48', 0, '192.168.1.94', ' Found.\r\n'),
(83104, '', '2025-07-01', '14:15:56', 0, '192.168.1.94', ' Found.\r\n'),
(83105, '', '2025-07-01', '14:15:59', 0, '192.168.1.94', ' Found.\r\n'),
(83106, '', '2025-07-01', '14:15:59', 0, '192.168.1.94', ' Found.\r\n'),
(83107, '', '2025-07-01', '14:15:59', 0, '192.168.1.94', ' Found.\r\n'),
(83108, '', '2025-07-01', '14:16:08', 0, '192.168.1.94', ' Found.\r\n'),
(83109, '', '2025-07-01', '14:16:08', 0, '192.168.1.94', ' Found.\r\n'),
(83110, '', '2025-07-01', '14:16:17', 0, '192.168.1.94', ' Found.\r\n'),
(83111, '', '2025-07-01', '14:16:17', 0, '192.168.1.94', ' Found.\r\n'),
(83112, '', '2025-07-01', '14:16:17', 0, '192.168.1.94', ' Found.\r\n'),
(83113, '', '2025-07-01', '14:16:17', 0, '192.168.1.94', ' Found.\r\n'),
(83114, '', '2025-07-01', '14:16:18', 0, '192.168.1.94', ' Found.\r\n'),
(83115, '', '2025-07-01', '14:16:18', 0, '192.168.1.94', ' Found.\r\n'),
(83116, '', '2025-07-01', '14:16:19', 0, '192.168.1.94', ' Found.\r\n'),
(83117, '', '2025-07-01', '14:16:20', 0, '192.168.1.94', ' Found.\r\n'),
(83118, '', '2025-07-01', '14:16:20', 0, '192.168.1.94', ' Found.\r\n'),
(83119, '', '2025-07-01', '14:16:20', 0, '192.168.1.94', ' Found.\r\n'),
(83120, '', '2025-07-01', '14:16:20', 0, '192.168.1.94', ' Found.\r\n'),
(83121, '', '2025-07-01', '14:17:03', 0, '192.168.1.94', ' Found.\r\n'),
(83122, '', '2025-07-01', '14:17:03', 0, '192.168.1.94', ' Found.\r\n'),
(83123, '', '2025-07-01', '14:17:12', 0, '192.168.1.94', ' Found.\r\n'),
(83124, '', '2025-07-01', '14:17:13', 0, '192.168.1.94', ' Found.\r\n'),
(83125, '', '2025-07-01', '14:17:34', 0, '192.168.1.94', ' Found.\r\n'),
(83126, '', '2025-07-01', '14:17:35', 0, '192.168.1.94', ' Found.\r\n'),
(83127, '', '2025-07-01', '14:17:35', 0, '192.168.1.94', ' Found.\r\n'),
(83128, '', '2025-07-01', '14:26:22', 0, '192.168.1.14', '         76-fd-48-85-bc-bb    '),
(83129, '', '2025-07-01', '14:31:43', 0, '192.168.1.14', '         76-fd-48-85-bc-bb    '),
(83130, '', '2025-07-01', '14:35:24', 0, '192.168.1.94', ' Found.\r\n'),
(83131, '', '2025-07-01', '14:35:24', 0, '192.168.1.94', ' Found.\r\n'),
(83132, '', '2025-07-01', '14:35:25', 0, '192.168.1.94', ' Found.\r\n'),
(83133, '', '2025-07-01', '14:35:25', 0, '192.168.1.94', ' Found.\r\n'),
(83134, '', '2025-07-01', '14:35:33', 0, '192.168.1.94', ' Found.\r\n'),
(83135, '', '2025-07-01', '14:35:38', 0, '192.168.1.94', ' Found.\r\n'),
(83136, '', '2025-07-01', '14:35:38', 0, '192.168.1.94', ' Found.\r\n'),
(83137, '', '2025-07-01', '14:35:38', 0, '192.168.1.94', ' Found.\r\n'),
(83138, '', '2025-07-01', '14:35:55', 0, '192.168.1.94', ' Found.\r\n'),
(83139, '', '2025-07-01', '14:35:55', 0, '192.168.1.94', ' Found.\r\n'),
(83140, '', '2025-07-01', '14:36:10', 0, '192.168.1.94', ' Found.\r\n'),
(83141, '', '2025-07-01', '14:36:11', 0, '192.168.1.94', ' Found.\r\n'),
(83142, '', '2025-07-01', '14:36:12', 0, '192.168.1.94', ' Found.\r\n'),
(83143, '', '2025-07-01', '14:37:29', 0, '192.168.1.19', '         28-c5-c8-73-d8-5d    '),
(83144, '', '2025-07-01', '14:38:19', 0, '192.168.1.94', ' Found.\r\n'),
(83145, '', '2025-07-01', '14:38:20', 0, '192.168.1.94', ' Found.\r\n'),
(83146, '', '2025-07-01', '14:38:20', 0, '192.168.1.94', ' Found.\r\n'),
(83147, '', '2025-07-01', '14:38:20', 0, '192.168.1.94', ' Found.\r\n'),
(83148, '', '2025-07-01', '14:38:28', 0, '192.168.1.94', ' Found.\r\n'),
(83149, '', '2025-07-01', '14:38:32', 0, '192.168.1.94', ' Found.\r\n'),
(83150, '', '2025-07-01', '14:38:32', 0, '192.168.1.94', ' Found.\r\n'),
(83151, '', '2025-07-01', '14:38:32', 0, '192.168.1.94', ' Found.\r\n'),
(83152, '', '2025-07-01', '14:38:38', 0, '192.168.1.94', ' Found.\r\n'),
(83153, '', '2025-07-01', '14:38:43', 0, '192.168.1.94', ' Found.\r\n'),
(83154, '', '2025-07-01', '14:38:51', 0, '192.168.1.94', ' Found.\r\n'),
(83155, '', '2025-07-01', '14:38:52', 0, '192.168.1.94', ' Found.\r\n'),
(83156, '', '2025-07-01', '14:39:56', 0, '192.168.1.94', ' Found.\r\n'),
(83157, '', '2025-07-01', '14:39:56', 0, '192.168.1.94', ' Found.\r\n'),
(83158, '', '2025-07-01', '14:39:57', 0, '192.168.1.94', ' Found.\r\n'),
(83159, '', '2025-07-01', '14:39:57', 0, '192.168.1.94', ' Found.\r\n'),
(83160, '', '2025-07-01', '14:39:57', 0, '192.168.1.94', ' Found.\r\n'),
(83161, '', '2025-07-01', '14:40:22', 0, '192.168.1.94', ' Found.\r\n'),
(83162, '', '2025-07-01', '14:40:24', 0, '192.168.1.94', ' Found.\r\n'),
(83163, '', '2025-07-01', '14:40:24', 0, '192.168.1.94', ' Found.\r\n'),
(83164, '', '2025-07-01', '14:40:24', 0, '192.168.1.94', ' Found.\r\n'),
(83165, '', '2025-07-01', '14:40:31', 0, '192.168.1.94', ' Found.\r\n'),
(83166, '', '2025-07-01', '14:40:34', 0, '192.168.1.94', ' Found.\r\n'),
(83167, '', '2025-07-01', '14:40:34', 0, '192.168.1.94', ' Found.\r\n'),
(83168, '', '2025-07-01', '14:40:34', 0, '192.168.1.94', ' Found.\r\n'),
(83169, '', '2025-07-01', '14:41:04', 0, '192.168.1.94', ' Found.\r\n'),
(83170, '', '2025-07-01', '14:41:04', 0, '192.168.1.94', ' Found.\r\n'),
(83171, '', '2025-07-01', '14:41:04', 0, '192.168.1.94', ' Found.\r\n'),
(83172, '', '2025-07-01', '14:41:04', 0, '192.168.1.94', ' Found.\r\n'),
(83173, '', '2025-07-01', '14:41:09', 0, '192.168.1.94', ' Found.\r\n'),
(83174, '', '2025-07-01', '14:41:17', 0, '192.168.1.94', ' Found.\r\n'),
(83175, '', '2025-07-01', '14:41:18', 0, '192.168.1.94', ' Found.\r\n'),
(83176, '', '2025-07-01', '14:41:18', 0, '192.168.1.94', ' Found.\r\n'),
(83177, '', '2025-07-01', '14:45:50', 0, '192.168.1.19', '         28-c5-c8-73-d8-5d    '),
(83178, '', '2025-07-01', '15:07:01', 0, '192.168.1.94', ' Found.\r\n'),
(83179, '', '2025-07-01', '15:07:02', 0, '192.168.1.94', ' Found.\r\n'),
(83180, '', '2025-07-01', '15:07:02', 0, '192.168.1.94', ' Found.\r\n'),
(83181, '', '2025-07-01', '15:07:02', 0, '192.168.1.94', ' Found.\r\n'),
(83182, '', '2025-07-01', '15:07:09', 0, '192.168.1.94', ' Found.\r\n'),
(83183, '', '2025-07-01', '15:07:12', 0, '192.168.1.94', ' Found.\r\n'),
(83184, '', '2025-07-01', '15:07:13', 0, '192.168.1.94', ' Found.\r\n'),
(83185, '', '2025-07-01', '15:07:13', 0, '192.168.1.94', ' Found.\r\n'),
(83186, '', '2025-07-01', '15:07:21', 0, '192.168.1.94', ' Found.\r\n'),
(83187, '', '2025-07-01', '15:10:10', 0, '192.168.1.94', ' Found.\r\n'),
(83188, '', '2025-07-01', '15:10:11', 0, '192.168.1.94', ' Found.\r\n'),
(83189, '', '2025-07-01', '15:10:11', 0, '192.168.1.94', ' Found.\r\n'),
(83190, '', '2025-07-01', '15:10:11', 0, '192.168.1.94', ' Found.\r\n'),
(83191, '', '2025-07-01', '15:10:18', 0, '192.168.1.94', ' Found.\r\n'),
(83192, '', '2025-07-01', '15:10:21', 0, '192.168.1.94', ' Found.\r\n'),
(83193, '', '2025-07-01', '15:10:21', 0, '192.168.1.94', ' Found.\r\n'),
(83194, '', '2025-07-01', '15:10:21', 0, '192.168.1.94', ' Found.\r\n'),
(83195, '', '2025-07-01', '15:10:29', 0, '192.168.1.94', ' Found.\r\n'),
(83196, '', '2025-07-01', '15:11:01', 0, '192.168.1.94', ' Found.\r\n'),
(83197, '', '2025-07-01', '15:11:01', 0, '192.168.1.94', ' Found.\r\n'),
(83198, '', '2025-07-01', '15:14:50', 0, '192.168.1.94', ' Found.\r\n'),
(83199, '', '2025-07-01', '15:14:51', 0, '192.168.1.94', ' Found.\r\n'),
(83200, '', '2025-07-01', '15:14:51', 0, '192.168.1.94', ' Found.\r\n'),
(83201, '', '2025-07-01', '15:14:51', 0, '192.168.1.94', ' Found.\r\n'),
(83202, '', '2025-07-01', '15:14:59', 0, '192.168.1.94', ' Found.\r\n'),
(83203, '', '2025-07-01', '15:15:02', 0, '192.168.1.94', ' Found.\r\n'),
(83204, '', '2025-07-01', '15:15:02', 0, '192.168.1.94', ' Found.\r\n'),
(83205, '', '2025-07-01', '15:15:02', 0, '192.168.1.94', ' Found.\r\n'),
(83206, '', '2025-07-01', '15:15:10', 0, '192.168.1.94', ' Found.\r\n'),
(83207, '', '2025-07-01', '15:15:23', 0, '192.168.1.94', ' Found.\r\n'),
(83208, '', '2025-07-01', '15:15:23', 0, '192.168.1.94', ' Found.\r\n'),
(83209, '', '2025-07-01', '15:16:09', 0, '192.168.1.94', ' Found.\r\n'),
(83210, '', '2025-07-01', '15:16:47', 0, '192.168.1.94', ' Found.\r\n'),
(83211, '', '2025-07-01', '15:16:47', 0, '192.168.1.94', ' Found.\r\n'),
(83212, '', '2025-07-01', '15:16:47', 0, '192.168.1.94', ' Found.\r\n'),
(83213, '', '2025-07-01', '15:16:47', 0, '192.168.1.94', ' Found.\r\n'),
(83214, '', '2025-07-01', '15:16:53', 0, '192.168.1.94', ' Found.\r\n'),
(83215, '', '2025-07-01', '15:16:53', 0, '192.168.1.94', ' Found.\r\n'),
(83216, '', '2025-07-01', '15:17:14', 0, '192.168.1.19', '         28-c5-c8-73-d8-5d    '),
(83217, '', '2025-07-01', '15:28:52', 0, '192.168.1.19', '         28-c5-c8-73-d8-5d    '),
(83218, '', '2025-07-01', '15:30:14', 0, '192.168.1.94', ' Found.\r\n'),
(83219, '', '2025-07-01', '15:30:15', 0, '192.168.1.94', ' Found.\r\n'),
(83220, '', '2025-07-01', '15:30:15', 0, '192.168.1.94', ' Found.\r\n'),
(83221, '', '2025-07-01', '15:30:15', 0, '192.168.1.94', ' Found.\r\n'),
(83222, '', '2025-07-01', '15:30:23', 0, '192.168.1.94', ' Found.\r\n'),
(83223, '', '2025-07-01', '15:30:26', 0, '192.168.1.94', ' Found.\r\n'),
(83224, '', '2025-07-01', '15:30:26', 0, '192.168.1.94', ' Found.\r\n'),
(83225, '', '2025-07-01', '15:30:26', 0, '192.168.1.94', ' Found.\r\n'),
(83226, '', '2025-07-01', '15:30:33', 0, '192.168.1.94', ' Found.\r\n'),
(83227, '', '2025-07-01', '15:30:41', 0, '192.168.1.94', ' Found.\r\n'),
(83228, '', '2025-07-01', '15:30:56', 0, '192.168.1.94', ' Found.\r\n'),
(83229, '', '2025-07-01', '15:31:04', 0, '192.168.1.94', ' Found.\r\n'),
(83230, '', '2025-07-01', '15:31:05', 0, '192.168.1.94', ' Found.\r\n'),
(83231, '', '2025-07-01', '15:49:18', 0, '192.168.1.19', '         28-c5-c8-73-d8-5d    '),
(83232, '', '2025-07-01', '16:32:35', 0, '192.168.1.94', ' Found.\r\n'),
(83233, '', '2025-07-01', '16:32:36', 0, '192.168.1.94', ' Found.\r\n'),
(83234, '', '2025-07-01', '16:32:36', 0, '192.168.1.94', ' Found.\r\n'),
(83235, '', '2025-07-01', '16:32:36', 0, '192.168.1.94', ' Found.\r\n'),
(83236, '', '2025-07-01', '16:32:41', 0, '192.168.1.94', ' Found.\r\n'),
(83237, '', '2025-07-01', '16:32:42', 0, '192.168.1.94', ' Found.\r\n'),
(83238, '', '2025-07-01', '16:32:42', 0, '192.168.1.94', ' Found.\r\n'),
(83239, '', '2025-07-01', '16:32:42', 0, '192.168.1.94', ' Found.\r\n'),
(83240, '', '2025-07-01', '16:32:50', 0, '192.168.1.94', ' Found.\r\n'),
(83241, '', '2025-07-01', '16:33:07', 0, '192.168.1.94', ' Found.\r\n'),
(83242, '', '2025-07-01', '16:33:09', 0, '192.168.1.94', ' Found.\r\n'),
(83243, '', '2025-07-01', '16:33:16', 0, '192.168.1.94', ' Found.\r\n'),
(83244, '', '2025-07-01', '16:33:26', 0, '192.168.1.94', ' Found.\r\n'),
(83245, '', '2025-07-01', '16:34:03', 0, '192.168.1.94', ' Found.\r\n'),
(83246, '', '2025-07-01', '16:35:02', 0, '192.168.1.94', ' Found.\r\n'),
(83247, '', '2025-07-01', '16:35:05', 0, '192.168.1.94', ' Found.\r\n'),
(83248, '', '2025-07-01', '16:35:42', 0, '192.168.1.94', ' Found.\r\n'),
(83249, '', '2025-07-01', '16:35:46', 0, '192.168.1.94', ' Found.\r\n'),
(83250, '', '2025-07-01', '16:36:03', 0, '192.168.1.94', ' Found.\r\n'),
(83251, '', '2025-07-01', '16:36:03', 0, '192.168.1.94', ' Found.\r\n'),
(83252, '', '2025-07-01', '16:36:13', 0, '192.168.1.94', ' Found.\r\n'),
(83253, '', '2025-07-01', '16:36:23', 0, '192.168.1.94', ' Found.\r\n'),
(83254, '', '2025-07-01', '16:36:49', 0, '192.168.1.94', ' Found.\r\n'),
(83255, '', '2025-07-01', '16:36:49', 0, '192.168.1.94', ' Found.\r\n'),
(83256, '', '2025-07-01', '16:36:49', 0, '192.168.1.94', ' Found.\r\n'),
(83257, '', '2025-07-01', '16:50:34', 0, '192.168.1.94', ' Found.\r\n'),
(83258, '', '2025-07-01', '16:50:35', 0, '192.168.1.94', ' Found.\r\n'),
(83259, '', '2025-07-01', '16:50:35', 0, '192.168.1.94', ' Found.\r\n'),
(83260, '', '2025-07-01', '16:50:36', 0, '192.168.1.94', ' Found.\r\n'),
(83261, '', '2025-07-01', '16:50:39', 0, '192.168.1.94', ' Found.\r\n'),
(83262, '', '2025-07-01', '16:50:41', 0, '192.168.1.94', ' Found.\r\n'),
(83263, '', '2025-07-01', '16:50:41', 0, '192.168.1.94', ' Found.\r\n'),
(83264, '', '2025-07-01', '16:50:41', 0, '192.168.1.94', ' Found.\r\n'),
(83265, '', '2025-07-01', '16:50:48', 0, '192.168.1.94', ' Found.\r\n'),
(83266, '', '2025-07-01', '16:51:05', 0, '192.168.1.94', ' Found.\r\n'),
(83267, '', '2025-07-01', '16:55:08', 0, '192.168.1.94', ' Found.\r\n'),
(83268, '', '2025-07-01', '16:55:08', 0, '192.168.1.94', ' Found.\r\n'),
(83269, '', '2025-07-01', '16:55:08', 0, '192.168.1.94', ' Found.\r\n'),
(83270, '', '2025-07-01', '16:55:08', 0, '192.168.1.94', ' Found.\r\n'),
(83271, '', '2025-07-01', '16:55:12', 0, '192.168.1.94', ' Found.\r\n'),
(83272, '', '2025-07-01', '16:55:13', 0, '192.168.1.94', ' Found.\r\n'),
(83273, '', '2025-07-01', '16:55:13', 0, '192.168.1.94', ' Found.\r\n'),
(83274, '', '2025-07-01', '16:55:14', 0, '192.168.1.94', ' Found.\r\n'),
(83275, '', '2025-07-01', '16:55:31', 0, '192.168.1.94', ' Found.\r\n'),
(83276, '', '2025-07-01', '16:55:53', 0, '192.168.1.94', ' Found.\r\n'),
(83277, '', '2025-07-01', '16:56:26', 0, '192.168.1.94', ' Found.\r\n'),
(83278, '', '2025-07-01', '16:56:35', 0, '192.168.1.94', ' Found.\r\n'),
(83279, '', '2025-07-01', '16:56:47', 0, '192.168.1.94', ' Found.\r\n'),
(83280, '', '2025-07-01', '16:56:48', 0, '192.168.1.94', ' Found.\r\n'),
(83281, '', '2025-07-01', '16:56:49', 0, '192.168.1.94', ' Found.\r\n'),
(83282, '', '2025-07-01', '16:56:51', 0, '192.168.1.94', ' Found.\r\n'),
(83283, '', '2025-07-01', '16:56:51', 0, '192.168.1.94', ' Found.\r\n'),
(83284, '', '2025-07-01', '16:57:05', 0, '192.168.1.94', ' Found.\r\n'),
(83285, '', '2025-07-01', '16:57:10', 0, '192.168.1.94', ' Found.\r\n'),
(83286, '', '2025-07-02', '08:16:54', 0, '192.168.1.94', ' Found.\r\n'),
(83287, '', '2025-07-02', '08:16:55', 0, '192.168.1.94', ' Found.\r\n'),
(83288, '', '2025-07-02', '08:16:55', 0, '192.168.1.94', ' Found.\r\n'),
(83289, '', '2025-07-02', '08:16:56', 0, '192.168.1.94', ' Found.\r\n'),
(83290, '', '2025-07-02', '08:17:00', 0, '192.168.1.94', ' Found.\r\n'),
(83291, '', '2025-07-02', '08:17:00', 0, '192.168.1.94', ' Found.\r\n'),
(83292, '', '2025-07-02', '08:17:00', 0, '192.168.1.94', ' Found.\r\n'),
(83293, '', '2025-07-02', '08:17:00', 0, '192.168.1.94', ' Found.\r\n'),
(83294, '', '2025-07-02', '08:17:06', 0, '192.168.1.94', ' Found.\r\n'),
(83295, '', '2025-07-02', '08:17:06', 0, '192.168.1.94', ' Found.\r\n'),
(83296, '', '2025-07-02', '08:17:06', 0, '192.168.1.94', ' Found.\r\n'),
(83297, '', '2025-07-02', '08:17:08', 0, '192.168.1.94', ' Found.\r\n'),
(83298, '', '2025-07-02', '08:17:08', 0, '192.168.1.94', ' Found.\r\n'),
(83299, '', '2025-07-02', '08:17:10', 0, '192.168.1.94', ' Found.\r\n'),
(83300, '', '2025-07-02', '08:17:16', 0, '192.168.1.94', ' Found.\r\n'),
(83301, '', '2025-07-02', '08:17:19', 0, '192.168.1.94', ' Found.\r\n'),
(83302, '', '2025-07-02', '08:18:59', 0, '192.168.1.19', '         28-c5-c8-73-d8-5d    ');

-- --------------------------------------------------------

--
-- Table structure for table `lv_lv0007`
--

CREATE TABLE `lv_lv0007` (
  `lv001` char(32) NOT NULL,
  `lv002` varchar(4096) DEFAULT NULL,
  `lv003` varchar(50) DEFAULT NULL,
  `lv004` varchar(30) DEFAULT NULL,
  `lv005` varchar(50) DEFAULT NULL,
  `lv006` varchar(32) DEFAULT NULL,
  `lv007` tinyint(1) NOT NULL DEFAULT 0,
  `lv008` char(40) NOT NULL,
  `lv009` datetime NOT NULL,
  `lv094` char(32) NOT NULL,
  `lv095` varchar(100) NOT NULL,
  `lv099` varchar(100) NOT NULL,
  `lv100` char(32) NOT NULL,
  `lv097` varchar(255) NOT NULL,
  `lv096` varchar(255) NOT NULL,
  `lv098` varchar(255) NOT NULL,
  `lv900` int(11) NOT NULL
) ENGINE=InnoDB DEFAULT CHARSET=utf8 COLLATE=utf8_general_ci COMMENT='InnoDB free: 11264 kB; InnoDB free: 11264 kB; InnoDB free: 1';

--
-- Dumping data for table `lv_lv0007`
--

INSERT INTO `lv_lv0007` (`lv001`, `lv002`, `lv003`, `lv004`, `lv005`, `lv006`, `lv007`, `lv008`, `lv009`, `lv094`, `lv095`, `lv099`, `lv100`, `lv097`, `lv096`, `lv098`, `lv900`) VALUES
('admin', '', 'admin', 'Administrator', 'c4ca4238a0b923820dcc509a6f75849b', 'S.P.ANH', 0, 'admin-833', '2025-05-29 10:37:58', '', '', 'themes4', '', '7RN6Amfx0k1UAF8Y', '', '2025-07-02 08:18:59', 0);

-- --------------------------------------------------------

--
-- Table structure for table `pm_nc0001`
--

CREATE TABLE `pm_nc0001` (
  `lv001` varchar(10) NOT NULL COMMENT 'M loi phng tin',
  `lv002` varchar(50) NOT NULL COMMENT 'Tn loi phng tin',
  `lv003` varchar(200) DEFAULT NULL COMMENT 'M t loi phng tin'
) ENGINE=InnoDB DEFAULT CHARSET=utf8mb4 COLLATE=utf8mb4_unicode_ci COMMENT='Loi phng tin';

--
-- Dumping data for table `pm_nc0001`
--

INSERT INTO `pm_nc0001` (`lv001`, `lv002`, `lv003`) VALUES
('OT', ' t', 'M t  t'),
('XE_MAY', 'Xe my', 'M t xe my');

-- --------------------------------------------------------

--
-- Table structure for table `pm_nc0002`
--

CREATE TABLE `pm_nc0002` (
  `lv001` varchar(20) NOT NULL COMMENT 'Bin s (kha chnh)',
  `lv002` varchar(10) NOT NULL COMMENT 'M loi phng tin (FK  pm_nc0001.lv001)'
) ENGINE=InnoDB DEFAULT CHARSET=utf8mb4 COLLATE=utf8mb4_unicode_ci COMMENT='Danh sch phng tin';

--
-- Dumping data for table `pm_nc0002`
--

INSERT INTO `pm_nc0002` (`lv001`, `lv002`) VALUES
('66B821322', 'OT'),
('86B821332', 'OT'),
('86B921324', 'OT'),
('86B921922', 'OT'),
('81B164729', 'XE_MAY'),
('86B821322', 'XE_MAY'),
('86BB21322', 'XE_MAY'),
('86BB21333', 'XE_MAY'),
('86BD21322', 'XE_MAY');

-- --------------------------------------------------------

--
-- Table structure for table `pm_nc0003`
--

CREATE TABLE `pm_nc0003` (
  `lv001` varchar(100) NOT NULL COMMENT 'UID th RFID',
  `lv002` enum('VIP','KHACH') NOT NULL DEFAULT 'KHACH' COMMENT 'Loi th',
  `lv003` tinyint(1) NOT NULL DEFAULT 1 COMMENT 'Trng thi th (active)',
  `lv004` date NOT NULL COMMENT 'Ngy pht hnh th',
  `lv005` varchar(20) NOT NULL COMMENT 'Bien so xe',
  `lv006` varchar(255) NOT NULL COMMENT 'Ma chinh sach',
  `lv007` date NOT NULL COMMENT 'Ngay ket thuc cs'
) ENGINE=InnoDB DEFAULT CHARSET=utf8mb4 COLLATE=utf8mb4_unicode_ci COMMENT='Thng tin th RFID';

--
-- Dumping data for table `pm_nc0003`
--

INSERT INTO `pm_nc0003` (`lv001`, `lv002`, `lv003`, `lv004`, `lv005`, `lv006`, `lv007`) VALUES
('0000000', 'KHACH', 1, '2025-07-01', '', '', '0000-00-00'),
('0007486586', '', 1, '2025-07-01', '', '', '0000-00-00'),
('0008477914', '', 1, '2025-07-01', '', '', '0000-00-00'),
('0008530271', '', 1, '2025-07-01', '', '', '0000-00-00'),
('008477914', '', 1, '2025-07-01', '', '', '0000-00-00'),
('12345467', '', 1, '2025-07-01', '', '', '0000-00-00'),
('123456789', 'KHACH', 1, '2025-07-01', '', '', '0000-00-00'),
('243523452345', '', 1, '2025-07-01', '', '', '0000-00-00'),
('3333333', 'KHACH', 1, '2025-07-01', '', '', '0000-00-00'),
('38427905275384', 'VIP', 1, '2025-07-01', '', '', '0000-00-00'),
('444444444', 'KHACH', 1, '2025-07-01', '', '', '0000-00-00'),
('6969696', '', 1, '2025-07-01', '', '', '0000-00-00'),
('8888888', 'VIP', 1, '2025-07-01', '82B433333', 'CS_OT_3Th', '2025-09-29'),
('999999999', 'VIP', 1, '2025-07-01', '81B164729', 'CS_XE_MAY_30N', '2025-07-31'),
('Array', '', 1, '2025-07-01', '', '', '0000-00-00');

-- --------------------------------------------------------

--
-- Table structure for table `pm_nc0004`
--

CREATE TABLE `pm_nc0004` (
  `lv001` varchar(20) NOT NULL COMMENT 'M khu vc',
  `lv002` varchar(100) NOT NULL COMMENT 'Tn khu vc',
  `lv003` varchar(200) DEFAULT NULL COMMENT 'V tr m t'
) ENGINE=InnoDB DEFAULT CHARSET=utf8mb4 COLLATE=utf8mb4_unicode_ci COMMENT='Cc khu vc gi xe';

--
-- Dumping data for table `pm_nc0004`
--

INSERT INTO `pm_nc0004` (`lv001`, `lv002`, `lv003`) VALUES
('K0001', 'Khu A', 'Tng trt'),
('K0002', 'Khu B', 'Tng hm'),
('K000Test', 'Khu Test', 'KhuKhuA');

-- --------------------------------------------------------

--
-- Table structure for table `pm_nc0005`
--

CREATE TABLE `pm_nc0005` (
  `lv001` varchar(20) NOT NULL COMMENT 'M v tr gi xe',
  `lv002` varchar(20) NOT NULL COMMENT 'M khu vc (FK  pm_nc0004.lv001)',
  `lv003` int(11) NOT NULL DEFAULT 0 COMMENT 'Trng thi ch '
) ENGINE=InnoDB DEFAULT CHARSET=utf8mb4 COLLATE=utf8mb4_unicode_ci COMMENT='V tr gi xe c th';

--
-- Dumping data for table `pm_nc0005`
--

INSERT INTO `pm_nc0005` (`lv001`, `lv002`, `lv003`) VALUES
('P0001', 'K0001', 1),
('P0002', 'K0001', 1),
('P0003', 'K0002', 0),
('P0004', 'K0002', 1),
('P0005', 'K0001', 1),
('P0006', 'K0001', 1),
('P0007', 'K0002', 0),
('P0008', 'K0002', 1),
('P0009', 'K0001', 0),
('P0010', 'K0001', 1),
('P0011', 'K0002', 0),
('P0012', 'K0002', 1),
('P0013', 'K0001', 1),
('P0014', 'K0001', 1),
('P0015', 'K0002', 0),
('P0016', 'K0002', 1),
('P0017', 'K0001', 0),
('P0018', 'K0001', 1),
('P0019', 'K0002', 0),
('P0020', 'K0002', 1);

-- --------------------------------------------------------

--
-- Table structure for table `pm_nc0006`
--

CREATE TABLE `pm_nc0006` (
  `lv001` varchar(20) NOT NULL COMMENT 'M camera',
  `lv002` varchar(100) NOT NULL COMMENT 'Tn camera',
  `lv003` varchar(50) NOT NULL COMMENT 'Loi camera',
  `lv004` varchar(200) DEFAULT NULL COMMENT 'Chuc nang',
  `lv005` varchar(20) DEFAULT NULL COMMENT 'M khu - FK n pm_nc0004',
  `lv006` varchar(255) DEFAULT NULL COMMENT 'link rtsp camera'
) ENGINE=InnoDB DEFAULT CHARSET=utf8mb4 COLLATE=utf8mb4_unicode_ci COMMENT='Thng tin camera ANPR';

--
-- Dumping data for table `pm_nc0006`
--

INSERT INTO `pm_nc0006` (`lv001`, `lv002`, `lv003`, `lv004`, `lv005`, `lv006`) VALUES
('aa', 'a', 'VAO', 'BIENSO', 'K000Test', ''),
('CAM1', 'Camera 1', 'VAO', 'BIENSO', 'K0001', 'rtsp://admin:GYTKAX@192.168.1.47/h264/ch1/main/av_stream'),
('CAM2', 'Camera 2', 'RA', 'BIENSO', 'K0001', 'rtsp://admin:BXPSZJ@192.168.1.48/h264/ch1/main/av_stream'),
('CAM3', 'Camera 3', 'VAO', 'BIENSO', 'K0002', NULL),
('CAM4', 'Camera 4', 'VAO', 'KHUONMAT', 'K0001', NULL),
('CAM5', 'Camera 5', 'RA', 'KHUONMAT', 'K0001', NULL);

-- --------------------------------------------------------

--
-- Table structure for table `pm_nc0007`
--

CREATE TABLE `pm_nc0007` (
  `lv001` varchar(20) NOT NULL COMMENT 'M cng',
  `lv002` varchar(100) NOT NULL COMMENT 'Tn cng',
  `lv003` enum('VAO','RA') NOT NULL COMMENT 'Loi cng (vo/ra)',
  `lv004` varchar(200) DEFAULT NULL COMMENT 'V tr lp t',
  `lv005` varchar(20) DEFAULT NULL COMMENT 'M khu - FK n pm_nc0004'
) ENGINE=InnoDB DEFAULT CHARSET=utf8mb4 COLLATE=utf8mb4_unicode_ci COMMENT='Thng tin cng barrier';

--
-- Dumping data for table `pm_nc0007`
--

INSERT INTO `pm_nc0007` (`lv001`, `lv002`, `lv003`, `lv004`, `lv005`) VALUES
('GATE_IN1', 'Cng vo A', 'VAO', 'Li chnh A', 'K0001'),
('GATE_IN2', 'Cng vo B', 'VAO', 'Li chnh B', 'K0002'),
('GATE_OUT1', 'Cng ra A', 'RA', 'Li chnh A', 'K0001'),
('GATE_OUT2', 'Cng ra B', 'RA', 'Li chnh B', 'K0002');

-- --------------------------------------------------------

--
-- Table structure for table `pm_nc0008`
--

CREATE TABLE `pm_nc0008` (
  `lv001` varchar(255) NOT NULL COMMENT 'M chnh sch gi',
  `lv002` varchar(10) NOT NULL COMMENT 'M loi phng tin (FK  pm_nc0001.lv001)',
  `lv003` int(11) NOT NULL COMMENT 'Thi gian quy nh (pht)',
  `lv004` decimal(12,2) NOT NULL COMMENT 'n gi gi (VN)',
  `lv005` tinyint(1) NOT NULL DEFAULT 0 COMMENT 'C tnh ph qu gi khng',
  `lv006` decimal(12,2) DEFAULT NULL COMMENT 'n gi qu gi (VN)',
  `lv007` varchar(255) NOT NULL COMMENT 'Loai chinh sach',
  `lv008` int(11) NOT NULL COMMENT 'Tong gio'
) ENGINE=InnoDB DEFAULT CHARSET=utf8mb4 COLLATE=utf8mb4_unicode_ci COMMENT='Chnh sch gi theo loi xe';

--
-- Dumping data for table `pm_nc0008`
--

INSERT INTO `pm_nc0008` (`lv001`, `lv002`, `lv003`, `lv004`, `lv005`, `lv006`, `lv007`, `lv008`) VALUES
('CS_OT_2NAM', 'OT', 240, 500066445.00, 0, 2000.00, '', 0),
('CS_OT_3Th', 'OT', 0, 500000.00, 0, 0.00, '3 Thng', 90),
('CS_OTO_4H', 'OT', 240, 15000.00, 1, 5000.00, '', 0),
('CS_XE_MAY_1NGAY', 'XE_MAY', 240, 5000.00, 0, 2000.00, '', 0),
('CS_XE_MAY_30N', 'XE_MAY', 0, 100000.00, 0, 0.00, '30 Ngy', 30),
('CS_XEMAY_4H', 'XE_MAY', 240, 5000.00, 1, 5000.00, '', 0);

-- --------------------------------------------------------

--
-- Table structure for table `pm_nc0009`
--

CREATE TABLE `pm_nc0009` (
  `lv001` int(11) NOT NULL,
  `lv002` varchar(100) NOT NULL COMMENT 'UID th (FK  pm_nc0003.lv001)',
  `lv003` varchar(20) NOT NULL COMMENT 'Bin s (FK  pm_nc0002.lv001)',
  `lv004` varchar(20) DEFAULT NULL COMMENT 'M v tr gi (FK  pm_nc0005.lv001)',
  `lv005` varchar(255) DEFAULT NULL COMMENT 'M chnh sch gi (FK  pm_nc0008.lv001)',
  `lv006` varchar(20) DEFAULT NULL COMMENT 'M cng vo (FK  pm_nc0007.lv001)',
  `lv007` varchar(20) DEFAULT NULL COMMENT 'M cng ra (FK  pm_nc0007.lv001)',
  `lv008` datetime NOT NULL COMMENT 'Thi gian vo',
  `lv009` datetime DEFAULT NULL COMMENT 'Thi gian ra',
  `lv010` int(11) DEFAULT NULL COMMENT 'Tng pht gi',
  `lv011` varchar(255) NOT NULL COMMENT 'nh bin s lc vo',
  `lv012` varchar(255) DEFAULT NULL COMMENT 'nh bin s lc ra',
  `lv013` decimal(12,2) DEFAULT NULL COMMENT 'Ph tnh c',
  `lv014` enum('DANG_GUI','DA_RA','DANG_XU_LY') NOT NULL DEFAULT 'DANG_GUI' COMMENT 'Trng thi phin',
  `lv015` varchar(255) DEFAULT NULL COMMENT 'nh khun mt ngi gi lc vo',
  `lv016` varchar(255) DEFAULT NULL COMMENT 'nh khun mt ngi gi lc ra'
) ENGINE=InnoDB DEFAULT CHARSET=utf8mb4 COLLATE=utf8mb4_unicode_ci COMMENT='Lu tr phin gi/ra xe';

--
-- Dumping data for table `pm_nc0009`
--

INSERT INTO `pm_nc0009` (`lv001`, `lv002`, `lv003`, `lv004`, `lv005`, `lv006`, `lv007`, `lv008`, `lv009`, `lv010`, `lv011`, `lv012`, `lv013`, `lv014`, `lv015`, `lv016`) VALUES
(295, '999999999', '81B164729', NULL, 'CS_XE_MAY_30N', 'GATE_IN1', NULL, '2025-07-01 10:19:47', NULL, NULL, 'file:///data/user/0/com.parkinglot_appmobile/cache/ReactNative-snapshot-image6000570438703240129.jpg', NULL, NULL, 'DANG_GUI', '', NULL),
(297, '0008477914', '86B821322', 'A01', 'CS_XEMAY_4H', 'GATE_IN1', NULL, '2025-07-01 07:39:57', NULL, NULL, 'blob:file:///f32f9a40-a676-45f1-9109-c4569aac0b0e', NULL, NULL, 'DANG_GUI', 'blob:file:///e67d9694-4136-4c9b-aeb4-7b9316a9e174', NULL),
(298, '123456789', '86B921922', 'P0001', 'CS_OT_3Th', 'GATE_IN1', NULL, '2025-07-01 16:08:03', NULL, NULL, 'file:///data/user/0/com.parkinglot_appmobile/cache/ReactNative-snapshot-image3790223706103039317.jpg', NULL, NULL, 'DANG_GUI', '', NULL),
(300, '3333333', '86B921324', 'P0013', 'CS_OT_3Th', 'GATE_IN1', NULL, '2025-07-01 16:38:29', NULL, NULL, 'file:///data/user/0/com.parkinglot_appmobile/cache/ReactNative-snapshot-image5249993093414809019.jpg', NULL, NULL, 'DANG_GUI', '', NULL),
(301, '0000000', '66B821322', 'P0005', 'CS_OT_3Th', 'GATE_IN1', NULL, '2025-07-01 16:40:20', NULL, NULL, 'file:///data/user/0/com.parkinglot_appmobile/cache/ReactNative-snapshot-image437374337319353135.jpg', NULL, NULL, 'DANG_GUI', '', NULL);

-- --------------------------------------------------------

--
-- Table structure for table `pm_nc0009_12062025`
--

CREATE TABLE `pm_nc0009_12062025` (
  `lv001` int(11) NOT NULL,
  `lv002` varchar(100) NOT NULL COMMENT 'UID th (FK  pm_nc0003.lv001)',
  `lv003` varchar(20) NOT NULL COMMENT 'Bin s (FK  pm_nc0002.lv001)',
  `lv004` varchar(20) DEFAULT NULL COMMENT 'M v tr gi (FK  pm_nc0005.lv001)',
  `lv005` varchar(20) DEFAULT NULL COMMENT 'M chnh sch gi (FK  pm_nc0008.lv001)',
  `lv006` varchar(20) DEFAULT NULL COMMENT 'M cng vo (FK  pm_nc0007.lv001)',
  `lv007` varchar(20) DEFAULT NULL COMMENT 'M cng ra (FK  pm_nc0007.lv001)',
  `lv008` datetime NOT NULL COMMENT 'Thi gian vo',
  `lv009` datetime DEFAULT NULL COMMENT 'Thi gian ra',
  `lv010` int(11) DEFAULT NULL COMMENT 'Tng pht gi',
  `lv011` varchar(255) NOT NULL COMMENT 'nh bin s lc vo',
  `lv012` varchar(255) DEFAULT NULL COMMENT 'nh bin s lc ra',
  `lv013` decimal(12,2) DEFAULT NULL COMMENT 'Ph tnh c',
  `lv014` enum('DANG_GUI','DA_RA') NOT NULL DEFAULT 'DANG_GUI' COMMENT 'Trng thi phin',
  `lv015` varchar(255) DEFAULT NULL COMMENT 'nh khun mt ngi gi lc vo',
  `lv016` varchar(255) DEFAULT NULL COMMENT 'nh khun mt ngi gi lc ra'
) ENGINE=InnoDB DEFAULT CHARSET=utf8mb4 COLLATE=utf8mb4_unicode_ci COMMENT='Lu tr phin gi/ra xe';

--
-- Dumping data for table `pm_nc0009_12062025`
--

INSERT INTO `pm_nc0009_12062025` (`lv001`, `lv002`, `lv003`, `lv004`, `lv005`, `lv006`, `lv007`, `lv008`, `lv009`, `lv010`, `lv011`, `lv012`, `lv013`, `lv014`, `lv015`, `lv016`) VALUES
(196, '0008445898', '86BB21322', NULL, 'CS_XEMAY_4H', 'GATE_IN1', 'GATE_OUT1', '2025-06-13 14:40:17', '2025-06-13 14:40:34', 60, 'server/images/0008445898_1749800416.jpg', 'server/images\0008445898_1749800430.jpg', NULL, 'DA_RA', '', '0'),
(197, '0002468477', '86B821322', NULL, 'CS_XEMAY_4H', 'GATE_IN1', 'GATE_OUT1', '2025-06-13 16:17:31', '2025-06-13 16:17:44', 60, 'server/images/0002468477_1749806251.jpg', 'server/images\0002468477_1749806264.jpg', NULL, 'DA_RA', '', '0'),
(198, '0002468477', '86B821322', NULL, 'CS_XEMAY_4H', 'GATE_IN1', 'GATE_OUT1', '2025-06-13 16:18:13', '2025-06-13 16:18:27', 60, 'server/images/0002468477_1749806292.jpg', 'server/images\0002468477_1749806303.jpg', NULL, 'DA_RA', '', '0'),
(199, '0002468477', '86BB21322', NULL, 'CS_XEMAY_4H', 'GATE_IN1', 'GATE_OUT1', '2025-06-13 16:18:36', '2025-06-13 16:18:45', 60, 'server/images/0002468477_1749806316.jpg', 'server/images\0002468477_1749806325.jpg', NULL, 'DA_RA', '', '0'),
(200, '0002468477', '86B821322', NULL, 'CS_XEMAY_4H', 'GATE_IN1', 'GATE_OUT1', '2025-06-13 16:19:49', '2025-06-13 16:44:39', 60, 'server/images/0002468477_1749806389.jpg', 'server/images\0002468477_1749807879.jpg', NULL, 'DA_RA', '', '0'),
(201, '0002468477', '86B821322', NULL, 'CS_XEMAY_4H', 'GATE_IN1', 'GATE_OUT1', '2025-06-13 16:44:49', '2025-06-13 16:45:29', 60, 'server/images/0002468477_1749807888.jpg', 'server/images\0002468477_1749807925.jpg', NULL, 'DA_RA', '', '0');

-- --------------------------------------------------------

--
-- Table structure for table `pm_nc0009_13062025`
--

CREATE TABLE `pm_nc0009_13062025` (
  `lv001` int(11) NOT NULL,
  `lv002` varchar(100) NOT NULL COMMENT 'UID th (FK  pm_nc0003.lv001)',
  `lv003` varchar(20) NOT NULL COMMENT 'Bin s (FK  pm_nc0002.lv001)',
  `lv004` varchar(20) DEFAULT NULL COMMENT 'M v tr gi (FK  pm_nc0005.lv001)',
  `lv005` varchar(20) DEFAULT NULL COMMENT 'M chnh sch gi (FK  pm_nc0008.lv001)',
  `lv006` varchar(20) DEFAULT NULL COMMENT 'M cng vo (FK  pm_nc0007.lv001)',
  `lv007` varchar(20) DEFAULT NULL COMMENT 'M cng ra (FK  pm_nc0007.lv001)',
  `lv008` datetime NOT NULL COMMENT 'Thi gian vo',
  `lv009` datetime DEFAULT NULL COMMENT 'Thi gian ra',
  `lv010` int(11) DEFAULT NULL COMMENT 'Tng pht gi',
  `lv011` varchar(255) NOT NULL COMMENT 'nh bin s lc vo',
  `lv012` varchar(255) DEFAULT NULL COMMENT 'nh bin s lc ra',
  `lv013` decimal(12,2) DEFAULT NULL COMMENT 'Ph tnh c',
  `lv014` enum('DANG_GUI','DA_RA') NOT NULL DEFAULT 'DANG_GUI' COMMENT 'Trng thi phin',
  `lv015` varchar(255) DEFAULT NULL COMMENT 'nh khun mt ngi gi lc vo',
  `lv016` varchar(255) DEFAULT NULL COMMENT 'nh khun mt ngi gi lc ra'
) ENGINE=InnoDB DEFAULT CHARSET=utf8mb4 COLLATE=utf8mb4_unicode_ci COMMENT='Lu tr phin gi/ra xe';

--
-- Dumping data for table `pm_nc0009_13062025`
--

INSERT INTO `pm_nc0009_13062025` (`lv001`, `lv002`, `lv003`, `lv004`, `lv005`, `lv006`, `lv007`, `lv008`, `lv009`, `lv010`, `lv011`, `lv012`, `lv013`, `lv014`, `lv015`, `lv016`) VALUES
(217, '0002468477', '86B821322', NULL, 'CS_XEMAY_4H', 'GATE_IN1', 'GATE_OUT1', '2025-06-14 14:37:57', '2025-06-14 14:45:19', 60, 'server/images/0002468477_1749886677.jpg', 'server/images\0002468477_1749887119.jpg', NULL, 'DA_RA', '', '0'),
(218, '0002468477', '86B821322', NULL, 'CS_XEMAY_4H', 'GATE_IN1', 'GATE_OUT1', '2025-06-14 14:45:24', '2025-06-14 14:45:35', 60, 'server/images/0002468477_1749887124.jpg', 'server/images\0002468477_1749887135.jpg', NULL, 'DA_RA', '', '0'),
(219, '0002468477', '86B821322', NULL, 'CS_XEMAY_4H', 'GATE_IN1', 'GATE_OUT1', '2025-06-14 14:46:16', '2025-06-14 14:46:20', 60, 'server/images/0002468477_1749887175.jpg', 'server/images\0002468477_1749887179.jpg', NULL, 'DA_RA', '', '0');

-- --------------------------------------------------------

--
-- Table structure for table `pm_nc0009_15062025`
--

CREATE TABLE `pm_nc0009_15062025` (
  `lv001` int(11) NOT NULL,
  `lv002` varchar(100) NOT NULL COMMENT 'UID th (FK  pm_nc0003.lv001)',
  `lv003` varchar(20) NOT NULL COMMENT 'Bin s (FK  pm_nc0002.lv001)',
  `lv004` varchar(20) DEFAULT NULL COMMENT 'M v tr gi (FK  pm_nc0005.lv001)',
  `lv005` varchar(20) DEFAULT NULL COMMENT 'M chnh sch gi (FK  pm_nc0008.lv001)',
  `lv006` varchar(20) DEFAULT NULL COMMENT 'M cng vo (FK  pm_nc0007.lv001)',
  `lv007` varchar(20) DEFAULT NULL COMMENT 'M cng ra (FK  pm_nc0007.lv001)',
  `lv008` datetime NOT NULL COMMENT 'Thi gian vo',
  `lv009` datetime DEFAULT NULL COMMENT 'Thi gian ra',
  `lv010` int(11) DEFAULT NULL COMMENT 'Tng pht gi',
  `lv011` varchar(255) NOT NULL COMMENT 'nh bin s lc vo',
  `lv012` varchar(255) DEFAULT NULL COMMENT 'nh bin s lc ra',
  `lv013` decimal(12,2) DEFAULT NULL COMMENT 'Ph tnh c',
  `lv014` enum('DANG_GUI','DA_RA') NOT NULL DEFAULT 'DANG_GUI' COMMENT 'Trng thi phin',
  `lv015` varchar(255) DEFAULT NULL COMMENT 'nh khun mt ngi gi lc vo',
  `lv016` varchar(255) DEFAULT NULL COMMENT 'nh khun mt ngi gi lc ra'
) ENGINE=InnoDB DEFAULT CHARSET=utf8mb4 COLLATE=utf8mb4_unicode_ci COMMENT='Lu tr phin gi/ra xe';

--
-- Dumping data for table `pm_nc0009_15062025`
--

INSERT INTO `pm_nc0009_15062025` (`lv001`, `lv002`, `lv003`, `lv004`, `lv005`, `lv006`, `lv007`, `lv008`, `lv009`, `lv010`, `lv011`, `lv012`, `lv013`, `lv014`, `lv015`, `lv016`) VALUES
(220, '0002468477', '86B821322', NULL, 'CS_XEMAY_4H', 'GATE_IN1', 'GATE_OUT1', '2025-06-14 14:46:26', '2025-06-14 15:02:51', 60, 'server/images/0002468477_1749887186.jpg', 'server/images\0002468477_1749888171.jpg', NULL, 'DA_RA', '', '0'),
(221, '0002468477', '86B821322', NULL, 'CS_XEMAY_4H', 'GATE_IN1', 'GATE_OUT1', '2025-06-14 15:02:57', '2025-06-14 15:07:06', 60, 'server/images/0002468477_1749888177.jpg', 'server/images\0002468477_1749888425.jpg', NULL, 'DA_RA', '', '0'),
(222, '0002468477', '86B821322', NULL, 'CS_XEMAY_4H', 'GATE_IN1', 'GATE_OUT1', '2025-06-14 15:07:45', '2025-06-14 15:07:52', 60, 'server/images/0002468477_1749888465.jpg', 'server/images\0002468477_1749888472.jpg', NULL, 'DA_RA', '', '0'),
(223, '0002468477', '86B821322', NULL, 'CS_OTO_4H', 'GATE_IN1', 'GATE_OUT1', '2025-06-14 15:11:46', '2025-06-14 15:12:09', 60, 'server/images/0002468477_1749888706.jpg', 'server/images\0002468477_1749888729.jpg', NULL, 'DA_RA', '', '0'),
(224, '0002468477', '86B821322', NULL, 'CS_XEMAY_4H', 'GATE_IN1', 'GATE_OUT1', '2025-06-14 15:42:39', '2025-06-14 15:42:54', 60, 'server/images/0002468477_1749890558.jpg', 'server/images\0002468477_1749890571.jpg', NULL, 'DA_RA', '', '0'),
(225, '0002468477', '86B821322', NULL, 'CS_OTO_4H', 'GATE_IN1', 'GATE_OUT1', '2025-06-14 15:43:05', '2025-06-14 15:43:13', 60, 'server/images/0002468477_1749890585.jpg', 'server/images\0002468477_1749890590.jpg', NULL, 'DA_RA', '', '0'),
(226, '0002468477', '86B821322', NULL, 'CS_OTO_4H', 'GATE_IN1', 'GATE_OUT1', '2025-06-14 15:43:23', '2025-06-14 15:43:31', 60, 'server/images/0002468477_1749890603.jpg', 'server/images\0002468477_1749890606.jpg', NULL, 'DA_RA', '', '0'),
(227, '30112003', '86B823322', NULL, 'CS_XEMAY_4H', 'GATE_IN1', 'GATE_OUT1', '2025-06-14 15:52:37', '2025-06-14 16:00:14', 60, 'file:///data/user/0/com.parkinglot_appmobile/cache/ReactNative-snapshot-image3801900010641017969.jpg', 'file:///data/user/0/com.parkinglot_appmobile/cache/ReactNative-snapshot-image6508186060787633637.jpg', 5000.00, 'DA_RA', 'file:///data/user/0/com.parkinglot_appmobile/cache/ReactNative-snapshot-image6444738811474917233.jpg', '0');

-- --------------------------------------------------------

--
-- Table structure for table `pm_nc0009_16062025`
--

CREATE TABLE `pm_nc0009_16062025` (
  `lv001` int(11) NOT NULL,
  `lv002` varchar(100) NOT NULL COMMENT 'UID th (FK  pm_nc0003.lv001)',
  `lv003` varchar(20) NOT NULL COMMENT 'Bin s (FK  pm_nc0002.lv001)',
  `lv004` varchar(20) DEFAULT NULL COMMENT 'M v tr gi (FK  pm_nc0005.lv001)',
  `lv005` varchar(20) DEFAULT NULL COMMENT 'M chnh sch gi (FK  pm_nc0008.lv001)',
  `lv006` varchar(20) DEFAULT NULL COMMENT 'M cng vo (FK  pm_nc0007.lv001)',
  `lv007` varchar(20) DEFAULT NULL COMMENT 'M cng ra (FK  pm_nc0007.lv001)',
  `lv008` datetime NOT NULL COMMENT 'Thi gian vo',
  `lv009` datetime DEFAULT NULL COMMENT 'Thi gian ra',
  `lv010` int(11) DEFAULT NULL COMMENT 'Tng pht gi',
  `lv011` varchar(255) NOT NULL COMMENT 'nh bin s lc vo',
  `lv012` varchar(255) DEFAULT NULL COMMENT 'nh bin s lc ra',
  `lv013` decimal(12,2) DEFAULT NULL COMMENT 'Ph tnh c',
  `lv014` enum('DANG_GUI','DA_RA','DANG_XU_LY') NOT NULL DEFAULT 'DANG_GUI' COMMENT 'Trng thi phin',
  `lv015` varchar(255) DEFAULT NULL COMMENT 'nh khun mt ngi gi lc vo',
  `lv016` varchar(255) DEFAULT NULL COMMENT 'nh khun mt ngi gi lc ra'
) ENGINE=InnoDB DEFAULT CHARSET=utf8mb4 COLLATE=utf8mb4_unicode_ci COMMENT='Lu tr phin gi/ra xe';

--
-- Dumping data for table `pm_nc0009_16062025`
--

INSERT INTO `pm_nc0009_16062025` (`lv001`, `lv002`, `lv003`, `lv004`, `lv005`, `lv006`, `lv007`, `lv008`, `lv009`, `lv010`, `lv011`, `lv012`, `lv013`, `lv014`, `lv015`, `lv016`) VALUES
(262, '0008530271', '86BB21322', NULL, 'CS_XEMAY_4H', 'GATE_IN1', 'GATE_OUT1', '2025-06-16 13:40:32', '2025-06-16 13:40:53', 60, 'server/images/0008530271_1750056032.jpg', 'server/images\0008530271_1750056049.jpg', 5000.00, 'DA_RA', '', '0'),
(263, '64737478292', '86BB21322', NULL, 'CS_XEMAY_4H', 'GATE_IN1', 'GATE_OUT1', '2025-06-16 14:04:03', '2025-06-16 14:07:25', 60, 'file:///data/user/0/com.parkinglot_appmobile/cache/ReactNative-snapshot-image5802195392962089814.jpg', 'file:///data/user/0/com.parkinglot_appmobile/cache/ReactNative-snapshot-image7180488601162541841.jpg', 5000.00, 'DA_RA', '', '0'),
(264, '0002468477', '86B821322', NULL, 'CS_XEMAY_4H', 'GATE_IN1', 'GATE_OUT1', '2025-06-16 14:53:05', '2025-06-16 14:54:16', 60, 'server/images/0002468477_1750060384.jpg', 'server/images\0002468477_1750060452.jpg', 5000.00, 'DA_RA', '', '0'),
(265, '0002468477', '86B821322', NULL, 'CS_XEMAY_4H', 'GATE_IN1', 'GATE_OUT1', '2025-06-16 14:54:25', '2025-06-16 14:54:32', 60, 'server/images/0002468477_1750060465.jpg', 'server/images\0002468477_1750060468.jpg', 5000.00, 'DA_RA', '', '0');

-- --------------------------------------------------------

--
-- Table structure for table `pm_nc0009_17062025`
--

CREATE TABLE `pm_nc0009_17062025` (
  `lv001` int(11) NOT NULL,
  `lv002` varchar(100) NOT NULL COMMENT 'UID th (FK  pm_nc0003.lv001)',
  `lv003` varchar(20) NOT NULL COMMENT 'Bin s (FK  pm_nc0002.lv001)',
  `lv004` varchar(20) DEFAULT NULL COMMENT 'M v tr gi (FK  pm_nc0005.lv001)',
  `lv005` varchar(20) DEFAULT NULL COMMENT 'M chnh sch gi (FK  pm_nc0008.lv001)',
  `lv006` varchar(20) DEFAULT NULL COMMENT 'M cng vo (FK  pm_nc0007.lv001)',
  `lv007` varchar(20) DEFAULT NULL COMMENT 'M cng ra (FK  pm_nc0007.lv001)',
  `lv008` datetime NOT NULL COMMENT 'Thi gian vo',
  `lv009` datetime DEFAULT NULL COMMENT 'Thi gian ra',
  `lv010` int(11) DEFAULT NULL COMMENT 'Tng pht gi',
  `lv011` varchar(255) NOT NULL COMMENT 'nh bin s lc vo',
  `lv012` varchar(255) DEFAULT NULL COMMENT 'nh bin s lc ra',
  `lv013` decimal(12,2) DEFAULT NULL COMMENT 'Ph tnh c',
  `lv014` enum('DANG_GUI','DA_RA','DANG_XU_LY') NOT NULL DEFAULT 'DANG_GUI' COMMENT 'Trng thi phin',
  `lv015` varchar(255) DEFAULT NULL COMMENT 'nh khun mt ngi gi lc vo',
  `lv016` varchar(255) DEFAULT NULL COMMENT 'nh khun mt ngi gi lc ra'
) ENGINE=InnoDB DEFAULT CHARSET=utf8mb4 COLLATE=utf8mb4_unicode_ci COMMENT='Lu tr phin gi/ra xe';

--
-- Dumping data for table `pm_nc0009_17062025`
--

INSERT INTO `pm_nc0009_17062025` (`lv001`, `lv002`, `lv003`, `lv004`, `lv005`, `lv006`, `lv007`, `lv008`, `lv009`, `lv010`, `lv011`, `lv012`, `lv013`, `lv014`, `lv015`, `lv016`) VALUES
(268, '0008441096', '63AN08327', NULL, 'CS_XEMAY_4H', 'GATE_IN1', 'GATE_OUT1', '2025-06-17 14:23:27', '2025-06-17 14:27:06', 60, 'server/images/0008441096_1750145006.jpg', 'server/images\0008441096_1750145219.jpg', 5000.00, 'DA_RA', '', '0'),
(269, '0008441096', '63AN08327', NULL, 'CS_XEMAY_4H', 'GATE_IN1', 'GATE_OUT1', '2025-06-17 14:27:13', '2025-06-17 14:27:38', 60, 'server/images/0008441096_1750145232.jpg', 'server/images\0008441096_1750145258.jpg', 5000.00, 'DA_RA', '', '0'),
(270, '0008441096', '63AN16327', NULL, 'CS_XEMAY_4H', 'GATE_IN1', 'GATE_OUT1', '2025-06-17 14:27:57', '2025-06-17 14:28:05', 60, 'server/images/0008441096_1750145277.jpg', 'server/images\0008441096_1750145280.jpg', 5000.00, 'DA_RA', '', '0'),
(271, '0008441096', '63AN18327', NULL, 'CS_XEMAY_4H', 'GATE_IN1', 'GATE_OUT1', '2025-06-17 14:31:53', '2025-06-17 14:32:01', 60, 'server/images/0008441096_1750145513.jpg', 'server/images\0008441096_1750145516.jpg', 5000.00, 'DA_RA', '', '0'),
(272, '0008441096', '63AN18327', NULL, 'CS_XEMAY_4H', 'GATE_IN1', 'GATE_OUT1', '2025-06-17 15:09:55', '2025-06-17 15:10:05', 60, 'server/images/0008441096_1750147795.jpg', 'server/images\0008441096_1750147799.jpg', 5000.00, 'DA_RA', '', '0'),
(273, '0008441096', '63AN16327', NULL, 'CS_XEMAY_4H', 'GATE_IN1', 'GATE_OUT1', '2025-06-17 15:14:31', '2025-06-17 15:14:39', 60, 'server/images/0008441096_1750148071.jpg', 'server/images\0008441096_1750148075.jpg', 5000.00, 'DA_RA', '', '0'),
(274, '0008441096', '63AN18327', NULL, 'CS_XEMAY_4H', 'GATE_IN1', 'GATE_OUT1', '2025-06-17 15:19:23', '2025-06-17 15:19:31', 60, 'server/images/0008441096_1750148363.jpg', 'server/images\0008441096_1750148367.jpg', 5000.00, 'DA_RA', '', '0');

-- --------------------------------------------------------

--
-- Table structure for table `pm_nc0009_18062025`
--

CREATE TABLE `pm_nc0009_18062025` (
  `lv001` int(11) NOT NULL,
  `lv002` varchar(100) NOT NULL COMMENT 'UID th (FK  pm_nc0003.lv001)',
  `lv003` varchar(20) NOT NULL COMMENT 'Bin s (FK  pm_nc0002.lv001)',
  `lv004` varchar(20) DEFAULT NULL COMMENT 'M v tr gi (FK  pm_nc0005.lv001)',
  `lv005` varchar(20) DEFAULT NULL COMMENT 'M chnh sch gi (FK  pm_nc0008.lv001)',
  `lv006` varchar(20) DEFAULT NULL COMMENT 'M cng vo (FK  pm_nc0007.lv001)',
  `lv007` varchar(20) DEFAULT NULL COMMENT 'M cng ra (FK  pm_nc0007.lv001)',
  `lv008` datetime NOT NULL COMMENT 'Thi gian vo',
  `lv009` datetime DEFAULT NULL COMMENT 'Thi gian ra',
  `lv010` int(11) DEFAULT NULL COMMENT 'Tng pht gi',
  `lv011` varchar(255) NOT NULL COMMENT 'nh bin s lc vo',
  `lv012` varchar(255) DEFAULT NULL COMMENT 'nh bin s lc ra',
  `lv013` decimal(12,2) DEFAULT NULL COMMENT 'Ph tnh c',
  `lv014` enum('DANG_GUI','DA_RA','DANG_XU_LY') NOT NULL DEFAULT 'DANG_GUI' COMMENT 'Trng thi phin',
  `lv015` varchar(255) DEFAULT NULL COMMENT 'nh khun mt ngi gi lc vo',
  `lv016` varchar(255) DEFAULT NULL COMMENT 'nh khun mt ngi gi lc ra'
) ENGINE=InnoDB DEFAULT CHARSET=utf8mb4 COLLATE=utf8mb4_unicode_ci COMMENT='Lu tr phin gi/ra xe';

--
-- Dumping data for table `pm_nc0009_18062025`
--

INSERT INTO `pm_nc0009_18062025` (`lv001`, `lv002`, `lv003`, `lv004`, `lv005`, `lv006`, `lv007`, `lv008`, `lv009`, `lv010`, `lv011`, `lv012`, `lv013`, `lv014`, `lv015`, `lv016`) VALUES
(266, '0008611132', '86BB21322', NULL, 'CS_XEMAY_4H', 'GATE_IN1', 'GATE_OUT1', '2025-06-16 15:19:32', '2025-06-18 15:03:35', 2864, 'server/images/0008611132_1750061971.jpg', 'file:///data/user/0/com.parkinglot_appmobile/cache/ReactNative-snapshot-image7695777403250659190.jpg', 5000.00, 'DA_RA', '', '0'),
(276, '11111111111', '86B821322', NULL, 'CS_XEMAY_4H', 'GATE_IN1', 'GATE_OUT1', '2025-06-18 15:53:09', '2025-06-18 15:53:48', 60, 'file:///data/user/0/com.parkinglot_appmobile/cache/ReactNative-snapshot-image8667967014967968714.jpg', 'file:///data/user/0/com.parkinglot_appmobile/cache/ReactNative-snapshot-image7550743918311183016.jpg', 5000.00, 'DA_RA', 'file:///data/user/0/com.parkinglot_appmobile/cache/ReactNative-snapshot-image5665995808875364278.jpg', '0');

-- --------------------------------------------------------

--
-- Table structure for table `pm_nc0009_19062025`
--

CREATE TABLE `pm_nc0009_19062025` (
  `lv001` int(11) NOT NULL,
  `lv002` varchar(100) NOT NULL COMMENT 'UID th (FK  pm_nc0003.lv001)',
  `lv003` varchar(20) NOT NULL COMMENT 'Bin s (FK  pm_nc0002.lv001)',
  `lv004` varchar(20) DEFAULT NULL COMMENT 'M v tr gi (FK  pm_nc0005.lv001)',
  `lv005` varchar(20) DEFAULT NULL COMMENT 'M chnh sch gi (FK  pm_nc0008.lv001)',
  `lv006` varchar(20) DEFAULT NULL COMMENT 'M cng vo (FK  pm_nc0007.lv001)',
  `lv007` varchar(20) DEFAULT NULL COMMENT 'M cng ra (FK  pm_nc0007.lv001)',
  `lv008` datetime NOT NULL COMMENT 'Thi gian vo',
  `lv009` datetime DEFAULT NULL COMMENT 'Thi gian ra',
  `lv010` int(11) DEFAULT NULL COMMENT 'Tng pht gi',
  `lv011` varchar(255) NOT NULL COMMENT 'nh bin s lc vo',
  `lv012` varchar(255) DEFAULT NULL COMMENT 'nh bin s lc ra',
  `lv013` decimal(12,2) DEFAULT NULL COMMENT 'Ph tnh c',
  `lv014` enum('DANG_GUI','DA_RA','DANG_XU_LY') NOT NULL DEFAULT 'DANG_GUI' COMMENT 'Trng thi phin',
  `lv015` varchar(255) DEFAULT NULL COMMENT 'nh khun mt ngi gi lc vo',
  `lv016` varchar(255) DEFAULT NULL COMMENT 'nh khun mt ngi gi lc ra'
) ENGINE=InnoDB DEFAULT CHARSET=utf8mb4 COLLATE=utf8mb4_unicode_ci COMMENT='Lu tr phin gi/ra xe';

-- --------------------------------------------------------

--
-- Table structure for table `pm_nc0009_22062025`
--

CREATE TABLE `pm_nc0009_22062025` (
  `lv001` int(11) NOT NULL,
  `lv002` varchar(100) NOT NULL COMMENT 'UID th (FK  pm_nc0003.lv001)',
  `lv003` varchar(20) NOT NULL COMMENT 'Bin s (FK  pm_nc0002.lv001)',
  `lv004` varchar(20) DEFAULT NULL COMMENT 'M v tr gi (FK  pm_nc0005.lv001)',
  `lv005` varchar(20) DEFAULT NULL COMMENT 'M chnh sch gi (FK  pm_nc0008.lv001)',
  `lv006` varchar(20) DEFAULT NULL COMMENT 'M cng vo (FK  pm_nc0007.lv001)',
  `lv007` varchar(20) DEFAULT NULL COMMENT 'M cng ra (FK  pm_nc0007.lv001)',
  `lv008` datetime NOT NULL COMMENT 'Thi gian vo',
  `lv009` datetime DEFAULT NULL COMMENT 'Thi gian ra',
  `lv010` int(11) DEFAULT NULL COMMENT 'Tng pht gi',
  `lv011` varchar(255) NOT NULL COMMENT 'nh bin s lc vo',
  `lv012` varchar(255) DEFAULT NULL COMMENT 'nh bin s lc ra',
  `lv013` decimal(12,2) DEFAULT NULL COMMENT 'Ph tnh c',
  `lv014` enum('DANG_GUI','DA_RA','DANG_XU_LY') NOT NULL DEFAULT 'DANG_GUI' COMMENT 'Trng thi phin',
  `lv015` varchar(255) DEFAULT NULL COMMENT 'nh khun mt ngi gi lc vo',
  `lv016` varchar(255) DEFAULT NULL COMMENT 'nh khun mt ngi gi lc ra'
) ENGINE=InnoDB DEFAULT CHARSET=utf8mb4 COLLATE=utf8mb4_unicode_ci COMMENT='Lu tr phin gi/ra xe';

--
-- Dumping data for table `pm_nc0009_22062025`
--

INSERT INTO `pm_nc0009_22062025` (`lv001`, `lv002`, `lv003`, `lv004`, `lv005`, `lv006`, `lv007`, `lv008`, `lv009`, `lv010`, `lv011`, `lv012`, `lv013`, `lv014`, `lv015`, `lv016`) VALUES
(281, '1234567890', '86B821322', NULL, 'CS_XEMAY_4H', 'GATE_IN1', 'GATE_OUT1', '2025-06-20 16:08:56', '2025-06-20 16:10:15', 60, 'file:///data/user/0/com.parkinglot_appmobile/cache/ReactNative-snapshot-image7597533278511680189.jpg', 'file:///data/user/0/com.parkinglot_appmobile/cache/ReactNative-snapshot-image6409335436412798940.jpg', 5000.00, 'DA_RA', '', '0'),
(282, '30112003', '86B821322', NULL, 'CS_XEMAY_4H', 'GATE_IN1', 'GATE_OUT1', '2025-06-20 16:40:06', '2025-06-20 16:52:45', 60, 'file:///data/user/0/com.parkinglot_appmobile/cache/ReactNative-snapshot-image2045904618515092851.jpg', 'file:///data/user/0/com.parkinglot_appmobile/cache/ReactNative-snapshot-image6415815867309391316.jpg', 5000.00, 'DA_RA', '', '0');

-- --------------------------------------------------------

--
-- Table structure for table `pm_nc0010`
--

CREATE TABLE `pm_nc0010` (
  `lv001` bigint(20) NOT NULL COMMENT 'ID bn ghi',
  `lv002` int(11) NOT NULL COMMENT 'M phin (FK  pm_nc0009.lv001)',
  `lv003` varchar(20) NOT NULL COMMENT 'M camera (FK  pm_nc0006.lv001)',
  `lv004` datetime NOT NULL COMMENT 'Thi gian qut',
  `lv005` varchar(255) NOT NULL COMMENT 'nh bin s chp',
  `lv006` tinyint(1) NOT NULL COMMENT 'Kt qu so khp bin s',
  `lv007` varchar(200) DEFAULT NULL COMMENT 'Ghi ch thm'
) ENGINE=InnoDB DEFAULT CHARSET=utf8mb4 COLLATE=utf8mb4_unicode_ci COMMENT='Nht k qut th v ANPR';

--
-- Dumping data for table `pm_nc0010`
--

INSERT INTO `pm_nc0010` (`lv001`, `lv002`, `lv003`, `lv004`, `lv005`, `lv006`, `lv007`) VALUES
(441, 295, 'CAM1', '2025-07-01 10:19:47', 'file:///data/user/0/com.parkinglot_appmobile/cache/ReactNative-snapshot-image6000570438703240129.jpg', 1, 'entry'),
(442, 295, 'CAM2', '2025-07-01 11:46:48', 'file:///data/user/0/com.parkinglot_appmobile/cache/ReactNative-snapshot-image2065945868569388270.jpg', 1, 'exit'),
(443, 296, 'CAM001', '2025-07-01 07:16:18', 'blob:file:///16bd7f33-302e-4b9d-bdce-19702d4ad62e', 1, 'entry'),
(444, 297, 'CAM001', '2025-07-01 07:39:57', 'blob:file:///f32f9a40-a676-45f1-9109-c4569aac0b0e', 1, 'entry'),
(445, 298, 'CAM1', '2025-07-01 16:08:03', 'file:///data/user/0/com.parkinglot_appmobile/cache/ReactNative-snapshot-image3790223706103039317.jpg', 1, 'entry'),
(446, 299, 'CAM1', '2025-07-01 16:36:11', 'file:///data/user/0/com.parkinglot_appmobile/cache/ReactNative-snapshot-image7542678370354258365.jpg', 1, 'entry'),
(447, 300, 'CAM1', '2025-07-01 16:38:29', 'file:///data/user/0/com.parkinglot_appmobile/cache/ReactNative-snapshot-image5249993093414809019.jpg', 1, 'entry'),
(448, 301, 'CAM1', '2025-07-01 16:40:20', 'file:///data/user/0/com.parkinglot_appmobile/cache/ReactNative-snapshot-image437374337319353135.jpg', 1, 'entry');

--
-- Indexes for dumped tables
--

--
-- Indexes for table `log`
--
ALTER TABLE `log`
  ADD PRIMARY KEY (`ID`);

--
-- Indexes for table `lv_lv0007`
--
ALTER TABLE `lv_lv0007`
  ADD PRIMARY KEY (`lv001`);

--
-- Indexes for table `pm_nc0001`
--
ALTER TABLE `pm_nc0001`
  ADD PRIMARY KEY (`lv001`);

--
-- Indexes for table `pm_nc0002`
--
ALTER TABLE `pm_nc0002`
  ADD PRIMARY KEY (`lv001`),
  ADD KEY `fk_pn2_loai` (`lv002`);

--
-- Indexes for table `pm_nc0003`
--
ALTER TABLE `pm_nc0003`
  ADD PRIMARY KEY (`lv001`);

--
-- Indexes for table `pm_nc0004`
--
ALTER TABLE `pm_nc0004`
  ADD PRIMARY KEY (`lv001`);

--
-- Indexes for table `pm_nc0005`
--
ALTER TABLE `pm_nc0005`
  ADD PRIMARY KEY (`lv001`),
  ADD KEY `fk_pn5_khu` (`lv002`);

--
-- Indexes for table `pm_nc0006`
--
ALTER TABLE `pm_nc0006`
  ADD PRIMARY KEY (`lv001`),
  ADD KEY `fk_pm_nc0006_lv005` (`lv005`);

--
-- Indexes for table `pm_nc0007`
--
ALTER TABLE `pm_nc0007`
  ADD PRIMARY KEY (`lv001`),
  ADD KEY `fk_pm_nc0007_lv005` (`lv005`);

--
-- Indexes for table `pm_nc0008`
--
ALTER TABLE `pm_nc0008`
  ADD PRIMARY KEY (`lv001`),
  ADD KEY `fk_pn8_loai` (`lv002`);

--
-- Indexes for table `pm_nc0009`
--
ALTER TABLE `pm_nc0009`
  ADD PRIMARY KEY (`lv001`),
  ADD KEY `fk_pn9_the` (`lv002`),
  ADD KEY `fk_pn9_xe` (`lv003`),
  ADD KEY `fk_pn9_vtri` (`lv004`),
  ADD KEY `fk_pn9_cs` (`lv005`),
  ADD KEY `fk_pn9_cong_vao` (`lv006`),
  ADD KEY `fk_pn9_cong_ra` (`lv007`);

--
-- Indexes for table `pm_nc0009_12062025`
--
ALTER TABLE `pm_nc0009_12062025`
  ADD PRIMARY KEY (`lv001`),
  ADD KEY `fk_pn9_the` (`lv002`),
  ADD KEY `fk_pn9_xe` (`lv003`),
  ADD KEY `fk_pn9_vtri` (`lv004`),
  ADD KEY `fk_pn9_cs` (`lv005`),
  ADD KEY `fk_pn9_cong_vao` (`lv006`),
  ADD KEY `fk_pn9_cong_ra` (`lv007`);

--
-- Indexes for table `pm_nc0009_13062025`
--
ALTER TABLE `pm_nc0009_13062025`
  ADD PRIMARY KEY (`lv001`),
  ADD KEY `fk_pn9_the` (`lv002`),
  ADD KEY `fk_pn9_xe` (`lv003`),
  ADD KEY `fk_pn9_vtri` (`lv004`),
  ADD KEY `fk_pn9_cs` (`lv005`),
  ADD KEY `fk_pn9_cong_vao` (`lv006`),
  ADD KEY `fk_pn9_cong_ra` (`lv007`);

--
-- Indexes for table `pm_nc0009_15062025`
--
ALTER TABLE `pm_nc0009_15062025`
  ADD PRIMARY KEY (`lv001`),
  ADD KEY `fk_pn9_the` (`lv002`),
  ADD KEY `fk_pn9_xe` (`lv003`),
  ADD KEY `fk_pn9_vtri` (`lv004`),
  ADD KEY `fk_pn9_cs` (`lv005`),
  ADD KEY `fk_pn9_cong_vao` (`lv006`),
  ADD KEY `fk_pn9_cong_ra` (`lv007`);

--
-- Indexes for table `pm_nc0009_16062025`
--
ALTER TABLE `pm_nc0009_16062025`
  ADD PRIMARY KEY (`lv001`),
  ADD KEY `fk_pn9_the` (`lv002`),
  ADD KEY `fk_pn9_xe` (`lv003`),
  ADD KEY `fk_pn9_vtri` (`lv004`),
  ADD KEY `fk_pn9_cs` (`lv005`),
  ADD KEY `fk_pn9_cong_vao` (`lv006`),
  ADD KEY `fk_pn9_cong_ra` (`lv007`);

--
-- Indexes for table `pm_nc0009_17062025`
--
ALTER TABLE `pm_nc0009_17062025`
  ADD PRIMARY KEY (`lv001`),
  ADD KEY `fk_pn9_the` (`lv002`),
  ADD KEY `fk_pn9_xe` (`lv003`),
  ADD KEY `fk_pn9_vtri` (`lv004`),
  ADD KEY `fk_pn9_cs` (`lv005`),
  ADD KEY `fk_pn9_cong_vao` (`lv006`),
  ADD KEY `fk_pn9_cong_ra` (`lv007`);

--
-- Indexes for table `pm_nc0009_18062025`
--
ALTER TABLE `pm_nc0009_18062025`
  ADD PRIMARY KEY (`lv001`),
  ADD KEY `fk_pn9_the` (`lv002`),
  ADD KEY `fk_pn9_xe` (`lv003`),
  ADD KEY `fk_pn9_vtri` (`lv004`),
  ADD KEY `fk_pn9_cs` (`lv005`),
  ADD KEY `fk_pn9_cong_vao` (`lv006`),
  ADD KEY `fk_pn9_cong_ra` (`lv007`);

--
-- Indexes for table `pm_nc0009_19062025`
--
ALTER TABLE `pm_nc0009_19062025`
  ADD PRIMARY KEY (`lv001`),
  ADD KEY `fk_pn9_the` (`lv002`),
  ADD KEY `fk_pn9_xe` (`lv003`),
  ADD KEY `fk_pn9_vtri` (`lv004`),
  ADD KEY `fk_pn9_cs` (`lv005`),
  ADD KEY `fk_pn9_cong_vao` (`lv006`),
  ADD KEY `fk_pn9_cong_ra` (`lv007`);

--
-- Indexes for table `pm_nc0009_22062025`
--
ALTER TABLE `pm_nc0009_22062025`
  ADD PRIMARY KEY (`lv001`),
  ADD KEY `fk_pn9_the` (`lv002`),
  ADD KEY `fk_pn9_xe` (`lv003`),
  ADD KEY `fk_pn9_vtri` (`lv004`),
  ADD KEY `fk_pn9_cs` (`lv005`),
  ADD KEY `fk_pn9_cong_vao` (`lv006`),
  ADD KEY `fk_pn9_cong_ra` (`lv007`);

--
-- Indexes for table `pm_nc0010`
--
ALTER TABLE `pm_nc0010`
  ADD PRIMARY KEY (`lv001`);

--
-- AUTO_INCREMENT for dumped tables
--

--
-- AUTO_INCREMENT for table `log`
--
ALTER TABLE `log`
  MODIFY `ID` bigint(20) NOT NULL AUTO_INCREMENT, AUTO_INCREMENT=83303;

--
-- AUTO_INCREMENT for table `pm_nc0009`
--
ALTER TABLE `pm_nc0009`
  MODIFY `lv001` int(11) NOT NULL AUTO_INCREMENT, AUTO_INCREMENT=302;

--
-- AUTO_INCREMENT for table `pm_nc0009_12062025`
--
ALTER TABLE `pm_nc0009_12062025`
  MODIFY `lv001` int(11) NOT NULL AUTO_INCREMENT, AUTO_INCREMENT=202;

--
-- AUTO_INCREMENT for table `pm_nc0009_13062025`
--
ALTER TABLE `pm_nc0009_13062025`
  MODIFY `lv001` int(11) NOT NULL AUTO_INCREMENT, AUTO_INCREMENT=220;

--
-- AUTO_INCREMENT for table `pm_nc0009_15062025`
--
ALTER TABLE `pm_nc0009_15062025`
  MODIFY `lv001` int(11) NOT NULL AUTO_INCREMENT, AUTO_INCREMENT=228;

--
-- AUTO_INCREMENT for table `pm_nc0009_16062025`
--
ALTER TABLE `pm_nc0009_16062025`
  MODIFY `lv001` int(11) NOT NULL AUTO_INCREMENT, AUTO_INCREMENT=266;

--
-- AUTO_INCREMENT for table `pm_nc0009_17062025`
--
ALTER TABLE `pm_nc0009_17062025`
  MODIFY `lv001` int(11) NOT NULL AUTO_INCREMENT, AUTO_INCREMENT=275;

--
-- AUTO_INCREMENT for table `pm_nc0009_18062025`
--
ALTER TABLE `pm_nc0009_18062025`
  MODIFY `lv001` int(11) NOT NULL AUTO_INCREMENT, AUTO_INCREMENT=277;

--
-- AUTO_INCREMENT for table `pm_nc0009_19062025`
--
ALTER TABLE `pm_nc0009_19062025`
  MODIFY `lv001` int(11) NOT NULL AUTO_INCREMENT;

--
-- AUTO_INCREMENT for table `pm_nc0009_22062025`
--
ALTER TABLE `pm_nc0009_22062025`
  MODIFY `lv001` int(11) NOT NULL AUTO_INCREMENT, AUTO_INCREMENT=283;

--
-- AUTO_INCREMENT for table `pm_nc0010`
--
ALTER TABLE `pm_nc0010`
  MODIFY `lv001` bigint(20) NOT NULL AUTO_INCREMENT COMMENT 'ID bn ghi', AUTO_INCREMENT=449;

--
-- Constraints for dumped tables
--

--
-- Constraints for table `pm_nc0002`
--
ALTER TABLE `pm_nc0002`
  ADD CONSTRAINT `fk_pn2_loai` FOREIGN KEY (`lv002`) REFERENCES `pm_nc0001` (`lv001`);

--
-- Constraints for table `pm_nc0005`
--
ALTER TABLE `pm_nc0005`
  ADD CONSTRAINT `fk_pn5_khu` FOREIGN KEY (`lv002`) REFERENCES `pm_nc0004` (`lv001`);

--
-- Constraints for table `pm_nc0006`
--
ALTER TABLE `pm_nc0006`
  ADD CONSTRAINT `fk_pm_nc0006_lv005` FOREIGN KEY (`lv005`) REFERENCES `pm_nc0004` (`lv001`);

--
-- Constraints for table `pm_nc0007`
--
ALTER TABLE `pm_nc0007`
  ADD CONSTRAINT `fk_pm_nc0007_lv005` FOREIGN KEY (`lv005`) REFERENCES `pm_nc0004` (`lv001`);

--
-- Constraints for table `pm_nc0008`
--
ALTER TABLE `pm_nc0008`
  ADD CONSTRAINT `fk_pn8_loai` FOREIGN KEY (`lv002`) REFERENCES `pm_nc0001` (`lv001`);
COMMIT;

/*!40101 SET CHARACTER_SET_CLIENT=@OLD_CHARACTER_SET_CLIENT */;
/*!40101 SET CHARACTER_SET_RESULTS=@OLD_CHARACTER_SET_RESULTS */;
/*!40101 SET COLLATION_CONNECTION=@OLD_COLLATION_CONNECTION */;
